1782604800000,1573.06,1574.01,1571.61,1572.71,1900.8883999999998,1782605099999,2989744.864925001,0,0.0,0.0,0
1782605100000,1572.71,1575.51,1572.46,1575.16,1016.1049000000002,1782605399999,1599042.6429669997,0,0.0,0.0,0
1782605400000,1575.16,1575.44,1574.31,1575.13,589.7167000000001,1782605699999,928685.737526,0,0.0,0.0,0
1782605700000,1575.13,1576.81,1574.79,1576.12,56.367,1782605999999,88816.82032700001,0,0.0,0.0,0
1782606000000,1576.12,1576.59,1574.89,1575.87,114.0812,1782606299999,179801.197585,0,0.0,0.0,0
1782606300000,1575.87,1577.22,1575.29,1576.87,111.05839999999999,1782606599999,175034.311919,0,0.0,0.0,0
1782606600000,1576.87,1576.96,1575.42,1576.25,66.4589,1782606899999,104736.91525800001,0,0.0,0.0,0
1782606900000,1576.25,1576.33,1573.92,1575.79,2033.5935,1782607199999,3203086.568053,0,0.0,0.0,0
1782607200000,1575.79,1575.79,1574.62,1575.66,121.764,1782607499999,191788.230115,0,0.0,0.0,0
1782607500000,1575.66,1576.34,1573.58,1574.68,105.4512,1782607799999,166057.648386,0,0.0,0.0,0
1782607800000,1574.68,1574.7,1572.76,1573.2,230.7117,1782608099999,362998.491831,0,0.0,0.0,0
1782608100000,1573.2,1574.74,1572.85,1573.91,145.284,1782608399999,228657.996444,0,0.0,0.0,0
1782608400000,1573.91,1574.49,1569.94,1570.44,339.45029999999997,1782608699999,533544.103158,0,0.0,0.0,0
1782608700000,1570.44,1571.75,1568.95,1570.94,220.1129,1782608999999,345584.247914,0,0.0,0.0,0
1782609000000,1570.94,1571.66,1569.92,1571.66,269.7013,1782609299999,423590.792229,0,0.0,0.0,0
1782609300000,1571.66,1573.19,1570.64,1571.86,283.53540000000004,1782609599999,445724.576051,0,0.0,0.0,0
1782609600000,1571.86,1574.16,1571.79,1574.03,79.9814,1782609899999,125811.268234,0,0.0,0.0,0
1782609900000,1574.03,1575.47,1573.55,1574.61,621.9295,1782610199999,979541.516064,0,0.0,0.0,0
1782610200000,1574.61,1575.0,1573.58,1574.89,106.4579,1782610499999,167579.309535,0,0.0,0.0,0
1782610500000,1574.89,1576.18,1574.59,1574.97,216.0157,1782610799999,340323.452204,0,0.0,0.0,0
1782610800000,1574.97,1575.97,1574.73,1575.4,130.7468,1782611099999,205971.051755,0,0.0,0.0,0
1782611100000,1575.4,1575.67,1574.61,1575.04,63.5844,1782611399999,100155.601004,0,0.0,0.0,0
1782611400000,1575.04,1575.69,1574.12,1574.17,122.67009999999999,1782611699999,193238.607438,0,0.0,0.0,0
1782611700000,1574.17,1574.87,1573.89,1574.24,96.2654,1782611999999,151551.744537,0,0.0,0.0,0
1782612000000,1574.24,1577.12,1574.2,1576.65,630.8677,1782612299999,993545.705909,0,0.0,0.0,0
1782612300000,1576.65,1577.02,1576.07,1576.55,310.0049,1782612599999,488785.216973,0,0.0,0.0,0
1782612600000,1576.55,1578.54,1576.55,1577.71,652.851,1782612899999,1029876.5037249998,0,0.0,0.0,0
1782612900000,1577.71,1578.99,1576.73,1576.81,149.0905,1782613199999,235250.78811300002,0,0.0,0.0,0
1782613200000,1576.81,1576.93,1568.11,1569.04,565.9492,1782613499999,890152.797277,0,0.0,0.0,0
1782613500000,1569.04,1571.61,1568.65,1570.91,181.9553,1782613799999,285629.876179,0,0.0,0.0,0
1782613800000,1570.91,1571.58,1570.16,1571.24,93.591,1782614099999,147024.325804,0,0.0,0.0,0
1782614100000,1571.24,1571.95,1570.96,1571.16,622.712,1782614399999,978650.231843,0,0.0,0.0,0
1782614400000,1571.16,1571.89,1569.91,1571.19,155.0502,1782614699999,243585.826982,0,0.0,0.0,0
1782614700000,1571.19,1571.88,1569.97,1570.9,498.7463,1782614999999,783781.59968,0,0.0,0.0,0
1782615000000,1570.9,1572.27,1570.88,1571.65,87.3525,1782615299999,137285.392231,0,0.0,0.0,0
1782615300000,1571.65,1572.13,1570.99,1570.99,38.742,1782615599999,60889.98324,0,0.0,0.0,0
1782615600000,1570.99,1573.7,1570.95,1573.05,617.2010999999999,1782615899999,970611.812275,0,0.0,0.0,0
1782615900000,1573.05,1573.26,1572.08,1572.88,439.42909999999995,1782616199999,690943.889322,0,0.0,0.0,0
1782616200000,1572.88,1575.4,1572.81,1574.69,84.6464,1782616499999,133266.487342,0,0.0,0.0,0
1782616500000,1574.69,1574.69,1572.97,1574.02,86.0779,1782616799999,135465.153942,0,0.0,0.0,0
1782616800000,1574.02,1574.66,1573.22,1573.46,67.1838,1782617099999,105732.994019,0,0.0,0.0,0
1782617100000,1573.46,1574.17,1573.43,1573.81,167.35739999999998,1782617399999,263374.844822,0,0.0,0.0,0
1782617400000,1573.81,1574.37,1572.68,1572.95,338.6166,1782617699999,532643.391029,0,0.0,0.0,0
1782617700000,1572.95,1573.47,1572.3,1572.82,2136.3972,1782617999999,3360358.205962,0,0.0,0.0,0
1782618000000,1572.82,1573.09,1572.33,1572.91,323.9349,1782618299999,509452.699061,0,0.0,0.0,0
1782618300000,1572.91,1573.73,1572.6,1573.55,238.364,1782618599999,374965.441207,0,0.0,0.0,0
1782618600000,1573.55,1573.97,1571.97,1572.77,368.5246,1782618899999,579487.249043,0,0.0,0.0,0
1782618900000,1572.77,1574.8,1572.56,1574.18,102.9643,1782619199999,161983.564698,0,0.0,0.0,0
1782619200000,1574.18,1574.54,1571.87,1573.18,2446.5288,1782619499999,3848848.858346,0,0.0,0.0,0
1782619500000,1573.18,1574.24,1572.62,1573.25,299.6815,1782619799999,471531.99406399997,0,0.0,0.0,0
1782619800000,1573.25,1573.42,1572.61,1573.1,316.7715,1782620099999,498289.211626,0,0.0,0.0,0
1782620100000,1573.1,1573.77,1572.89,1572.96,125.3445,1782620399999,197195.23886299998,0,0.0,0.0,0
1782620400000,1572.96,1574.92,1572.88,1574.48,179.1873,1782620699999,282040.825112,0,0.0,0.0,0
1782620700000,1574.48,1574.72,1573.23,1573.64,104.3622,1782620999999,164278.300673,0,0.0,0.0,0
1782621000000,1573.64,1573.64,1569.73,1570.88,274.28569999999996,1782621299999,431046.74937700003,0,0.0,0.0,0
1782621300000,1570.88,1572.37,1570.31,1571.95,431.6495,1782621599999,678393.22144,0,0.0,0.0,0
1782621600000,1571.95,1574.76,1571.83,1574.46,166.5777,1782621899999,262147.236331,0,0.0,0.0,0
1782621900000,1574.46,1576.47,1574.46,1574.7,488.4482,1782622199999,769510.7165859999,0,0.0,0.0,0
1782622200000,1574.7,1574.89,1573.93,1574.01,233.9835,1782622499999,368400.70119700005,0,0.0,0.0,0
1782622500000,1574.01,1574.03,1572.91,1573.19,210.6971,1782622799999,331482.914437,0,0.0,0.0,0
1782622800000,1573.19,1573.57,1568.43,1568.99,317.209,1782623099999,498588.420384,0,0.0,0.0,0
1782623100000,1568.99,1570.8,1568.6,1570.42,333.914,1782623399999,524181.47967,0,0.0,0.0,0
1782623400000,1570.42,1571.76,1570.42,1570.98,150.4264,1782623699999,236302.28216899998,0,0.0,0.0,0
1782623700000,1570.98,1571.87,1569.34,1571.47,112.7844,1782623999999,177185.766119,0,0.0,0.0,0
1782624000000,1571.47,1571.58,1568.13,1568.47,151.7743,1782624299999,238357.045759,0,0.0,0.0,0
1782624300000,1568.47,1568.79,1563.5,1564.87,707.3292,1782624599999,1107782.653615,0,0.0,0.0,0
1782624600000,1564.87,1568.06,1563.5,1568.0,397.36959999999993,1782624899999,622078.185518,0,0.0,0.0,0
1782624900000,1568.0,1568.89,1567.67,1568.01,117.6391,1782625199999,184481.161044,0,0.0,0.0,0
1782625200000,1568.01,1568.56,1567.57,1567.93,164.705,1782625499999,258263.036538,0,0.0,0.0,0
1782625500000,1567.93,1568.7,1567.48,1568.02,3107.2969,1782625799999,4872388.313121,0,0.0,0.0,0
1782625800000,1568.02,1569.03,1567.55,1568.28,1587.3963,1782626099999,2489326.813465,0,0.0,0.0,0
1782626100000,1568.28,1569.99,1567.85,1568.14,511.4049,1782626399999,802225.353922,0,0.0,0.0,0
1782626400000,1568.14,1569.81,1567.43,1567.81,1875.8807,1782626699999,2942321.445893,0,0.0,0.0,0
1782626700000,1567.81,1569.09,1566.87,1568.12,2736.3368,1782626999999,4290940.37789,0,0.0,0.0,0
1782627000000,1568.12,1568.12,1562.39,1562.51,2552.2862999999998,1782627299999,3992527.145978,0,0.0,0.0,0
1782627300000,1562.51,1565.72,1561.42,1564.55,2557.0702,1782627599999,3996223.730556,0,0.0,0.0,0
1782627600000,1564.55,1565.82,1563.96,1564.39,157.2405,1782627899999,246031.592844,0,0.0,0.0,0
1782627900000,1564.39,1564.74,1563.45,1564.46,198.2369,1782628199999,310041.42277,0,0.0,0.0,0
1782628200000,1564.46,1566.59,1564.29,1565.85,442.9866,1782628499999,693521.435876,0,0.0,0.0,0
1782628500000,1565.85,1566.39,1565.4,1566.23,113.843,1782628799999,178245.952872,0,0.0,0.0,0
1782628800000,1566.23,1567.22,1566.07,1566.19,109.23689999999999,1782629099999,171147.337642,0,0.0,0.0,0
1782629100000,1566.19,1567.0,1565.59,1566.64,113.1441,1782629399999,177222.00397,0,0.0,0.0,0
1782629400000,1566.64,1568.29,1566.52,1567.87,213.6054,1782629699999,334763.148016,0,0.0,0.0,0
1782629700000,1567.87,1567.87,1566.61,1566.61,150.3462,1782629999999,235610.275082,0,0.0,0.0,0
1782630000000,1566.61,1572.72,1566.54,1570.22,334.03679999999997,1782630299999,524653.43016,0,0.0,0.0,0
1782630300000,1570.22,1570.82,1569.69,1570.13,311.3281,1782630599999,488829.58100099995,0,0.0,0.0,0
1782630600000,1570.13,1572.1,1570.13,1571.62,57.2174,1782630899999,89915.940946,0,0.0,0.0,0
1782630900000,1571.62,1571.83,1570.79,1571.01,102.7615,1782631199999,161461.426638,0,0.0,0.0,0
1782631200000,1571.01,1571.69,1570.6,1570.87,262.6447,1782631499999,412574.80924800003,0,0.0,0.0,0
1782631500000,1570.87,1570.98,1569.89,1570.03,107.9811,1782631799999,169555.865013,0,0.0,0.0,0
1782631800000,1570.03,1571.08,1569.75,1570.66,151.4596,1782632099999,237854.13782499998,0,0.0,0.0,0
1782632100000,1570.66,1574.43,1570.52,1573.73,173.918,1782632399999,273538.453283,0,0.0,0.0,0
1782632400000,1573.73,1575.08,1573.53,1573.99,1096.5409,1782632699999,1726840.626853,0,0.0,0.0,0
1782632700000,1573.99,1575.81,1573.51,1575.15,107.60589999999999,1782632999999,169431.866892,0,0.0,0.0,0
1782633000000,1575.15,1575.83,1573.59,1574.25,117.9299,1782633299999,185658.095087,0,0.0,0.0,0
1782633300000,1574.25,1575.1,1574.02,1574.88,93.053,1782633599999,146500.79381899998,0,0.0,0.0,0
1782633600000,1574.88,1577.65,1574.13,1574.7,462.6784,1782633899999,728961.460856,0,0.0,0.0,0
1782633900000,1574.7,1574.7,1572.44,1572.67,148.1462,1782634199999,233091.74450700002,0,0.0,0.0,0
1782634200000,1572.67,1573.84,1572.6,1573.65,159.4204,1782634499999,250781.689522,0,0.0,0.0,0
1782634500000,1573.65,1575.17,1573.09,1573.52,146.8271,1782634799999,231101.950285,0,0.0,0.0,0
1782634800000,1573.52,1575.45,1573.51,1574.3,86.0705,1782635099999,135518.612732,0,0.0,0.0,0
1782635100000,1574.3,1574.65,1573.82,1574.08,52.0209,1782635399999,81885.347817,0,0.0,0.0,0
1782635400000,1574.08,1575.82,1574.0,1575.82,93.31469999999999,1782635699999,146930.234212,0,0.0,0.0,0
1782635700000,1575.82,1584.27,1574.71,1582.25,1385.2967999999998,1782635999999,2188591.443014,0,0.0,0.0,0
1782636000000,1582.25,1584.34,1580.09,1580.99,284.6459,1782636299999,450250.546574,0,0.0,0.0,0
1782636300000,1580.99,1583.19,1580.23,1581.4,301.18330000000003,1782636599999,476211.86845500005,0,0.0,0.0,0
1782636600000,1581.4,1582.46,1580.89,1581.59,181.9891,1782636899999,287856.046798,0,0.0,0.0,0
1782636900000,1581.59,1582.56,1580.19,1580.23,172.0979,1782637199999,272123.959143,0,0.0,0.0,0
1782637200000,1580.23,1581.27,1578.88,1579.42,169.34890000000001,1782637499999,267596.84389899997,0,0.0,0.0,0
1782637500000,1579.42,1582.52,1579.42,1582.29,140.25719999999998,1782637799999,221798.435984,0,0.0,0.0,0
1782637800000,1582.29,1585.0,1581.52,1581.72,305.6401,1782638099999,483942.83431500004,0,0.0,0.0,0
1782638100000,1581.72,1582.23,1580.86,1581.01,225.0679,1782638399999,355919.277488,0,0.0,0.0,0
1782638400000,1581.01,1581.38,1580.07,1581.14,127.9085,1782638699999,202200.89423,0,0.0,0.0,0
1782638700000,1581.14,1581.46,1580.29,1580.93,128.1534,1782638999999,202589.759403,0,0.0,0.0,0
1782639000000,1580.93,1582.03,1580.26,1581.77,109.19409999999999,1782639299999,172630.955773,0,0.0,0.0,0
1782639300000,1581.77,1582.19,1580.65,1581.12,58.021499999999996,1782639599999,91737.283005,0,0.0,0.0,0
1782639600000,1581.12,1583.55,1581.08,1582.58,132.7489,1782639899999,210067.220307,0,0.0,0.0,0
1782639900000,1582.58,1583.42,1579.63,1579.71,127.145,1782640199999,201109.015629,0,0.0,0.0,0
1782640200000,1579.71,1579.79,1577.54,1579.27,138.2844,1782640499999,218322.318531,0,0.0,0.0,0
1782640500000,1579.27,1579.54,1577.53,1578.03,542.3353,1782640799999,855718.019779,0,0.0,0.0,0
1782640800000,1578.03,1579.25,1576.79,1577.45,158.1443,1782641099999,249584.676041,0,0.0,0.0,0
1782641100000,1577.45,1577.71,1576.0,1576.78,354.8784,1782641399999,559648.3100040001,0,0.0,0.0,0
1782641400000,1576.78,1580.81,1576.38,1579.77,549.8655,1782641699999,868824.4339000001,0,0.0,0.0,0
1782641700000,1579.77,1580.13,1577.19,1577.41,514.518,1782641999999,811887.620921,0,0.0,0.0,0
1782642000000,1577.41,1577.65,1575.38,1575.38,96.6222,1782642299999,152341.71894299999,0,0.0,0.0,0
1782642300000,1575.38,1575.52,1571.44,1572.77,576.9611000000001,1782642599999,907251.337406,0,0.0,0.0,0
1782642600000,1572.77,1574.35,1572.77,1574.25,881.3612999999999,1782642899999,1386962.9628340001,0,0.0,0.0,0
1782642900000,1574.25,1574.37,1572.78,1573.87,678.7818,1782643199999,1068238.482094,0,0.0,0.0,0
1782643200000,1573.87,1575.2,1573.87,1574.78,955.9909,1782643499999,1505274.7658550004,0,0.0,0.0,0
1782643500000,1574.78,1575.52,1574.6,1575.3,265.11129999999997,1782643799999,417628.025975,0,0.0,0.0,0
1782643800000,1575.3,1576.59,1575.02,1576.52,132.9739,1782644099999,209569.212341,0,0.0,0.0,0
1782644100000,1576.52,1576.66,1576.04,1576.25,392.1488,1782644399999,618127.893839,0,0.0,0.0,0
1782644400000,1576.25,1580.16,1576.21,1578.78,2328.0363,1782644699999,3672969.7144190003,0,0.0,0.0,0
1782644700000,1578.78,1578.78,1574.87,1575.19,242.33319999999998,1782644999999,382111.288948,0,0.0,0.0,0
1782645000000,1575.19,1576.08,1574.83,1575.72,70.65090000000001,1782645299999,111318.01568699999,0,0.0,0.0,0
1782645300000,1575.72,1577.6,1574.94,1577.45,131.6182,1782645599999,207467.093636,0,0.0,0.0,0
1782645600000,1577.45,1582.0,1577.25,1579.67,915.4861999999998,1782645899999,1447225.1047359998,0,0.0,0.0,0
1782645900000,1579.67,1582.54,1579.67,1580.97,949.2402999999998,1782646199999,1501538.4975929994,0,0.0,0.0,0
1782646200000,1580.97,1581.58,1579.9,1580.56,97.833,1782646499999,154650.657148,0,0.0,0.0,0
1782646500000,1580.56,1580.91,1578.13,1580.69,167.9305,1782646799999,265260.959117,0,0.0,0.0,0
1782646800000,1580.69,1580.92,1579.69,1580.39,398.9766,1782647099999,630499.332312,0,0.0,0.0,0
1782647100000,1580.39,1581.59,1579.45,1579.86,173.1701,1782647399999,273656.100031,0,0.0,0.0,0
1782647400000,1579.86,1583.19,1579.41,1582.75,422.11979999999994,1782647699999,668023.5023120001,0,0.0,0.0,0
1782647700000,1582.75,1582.91,1581.4,1582.0,154.0797,1782647999999,243745.683081,0,0.0,0.0,0
1782648000000,1582.0,1582.04,1580.55,1581.31,70.0229,1782648299999,110716.942954,0,0.0,0.0,0
1782648300000,1581.31,1582.96,1580.71,1580.71,114.441,1782648599999,181030.732461,0,0.0,0.0,0
1782648600000,1580.71,1581.17,1579.93,1580.6,161.7578,1782648899999,255668.51829,0,0.0,0.0,0
1782648900000,1580.6,1582.03,1577.13,1577.86,520.7099999999999,1782649199999,822216.7650959999,0,0.0,0.0,0
1782649200000,1577.86,1579.93,1577.47,1579.77,152.0491,1782649499999,240076.93248,0,0.0,0.0,0
1782649500000,1579.77,1584.0,1579.26,1583.56,384.0702,1782649799999,607607.307439,0,0.0,0.0,0
1782649800000,1583.56,1587.5,1582.3,1583.03,493.6298,1782650099999,782352.416322,0,0.0,0.0,0
1782650100000,1583.03,1583.03,1579.46,1580.35,162.6549,1782650399999,257103.99362300002,0,0.0,0.0,0
1782650400000,1580.35,1580.92,1578.14,1579.45,101.5568,1782650699999,160409.105393,0,0.0,0.0,0
1782650700000,1579.45,1582.03,1579.36,1581.55,96.423,1782650999999,152419.018735,0,0.0,0.0,0
1782651000000,1581.55,1582.99,1581.27,1582.32,77.8147,1782651299999,123110.753255,0,0.0,0.0,0
1782651300000,1582.32,1583.21,1582.09,1582.51,292.575,1782651599999,463022.56583,0,0.0,0.0,0
1782651600000,1582.51,1582.72,1573.85,1574.76,731.3648,1782651899999,1154451.446608,0,0.0,0.0,0
1782651900000,1574.76,1577.44,1573.94,1575.72,296.1211,1782652199999,466601.308971,0,0.0,0.0,0
1782652200000,1575.72,1579.89,1575.47,1579.34,178.621,1782652499999,281783.074043,0,0.0,0.0,0
1782652500000,1579.34,1579.83,1577.26,1578.14,187.0698,1782652799999,295245.301388,0,0.0,0.0,0
1782652800000,1578.14,1580.53,1577.9,1580.22,115.2611,1782653099999,182064.235534,0,0.0,0.0,0
1782653100000,1580.22,1581.21,1578.47,1579.52,187.99300000000002,1782653399999,296860.395991,0,0.0,0.0,0
1782653400000,1579.52,1582.37,1578.98,1580.9,227.9303,1782653699999,360438.07845,0,0.0,0.0,0
1782653700000,1580.9,1581.62,1580.12,1580.33,165.6327,1782653999999,261827.363882,0,0.0,0.0,0
1782654000000,1580.33,1582.1,1577.28,1581.49,609.0241,1782654299999,962264.6911,0,0.0,0.0,0
1782654300000,1581.49,1582.12,1580.13,1580.58,199.1114,1782654599999,314814.483565,0,0.0,0.0,0
1782654600000,1580.58,1581.76,1580.1,1580.81,121.8169,1782654899999,192570.125385,0,0.0,0.0,0
1782654900000,1580.81,1580.82,1578.41,1578.57,440.76379999999995,1782655199999,696118.39607,0,0.0,0.0,0
1782655200000,1578.57,1580.27,1577.99,1579.16,121.98349999999999,1782655499999,192602.896599,0,0.0,0.0,0
1782655500000,1579.16,1580.64,1577.02,1580.51,152.5541,1782655799999,240909.70693800002,0,0.0,0.0,0
1782655800000,1580.51,1581.67,1579.73,1581.19,130.6752,1782656099999,206584.721351,0,0.0,0.0,0
1782656100000,1581.19,1585.13,1578.77,1583.82,170.1243,1782656399999,269065.202079,0,0.0,0.0,0
1782656400000,1583.82,1584.59,1580.22,1581.06,187.4868,1782656699999,296699.076128,0,0.0,0.0,0
1782656700000,1581.06,1581.76,1579.35,1581.16,78.84169999999999,1782656999999,124593.44415499999,0,0.0,0.0,0
1782657000000,1581.16,1583.36,1579.95,1582.17,84.7145,1782657299999,133993.68132,0,0.0,0.0,0
1782657300000,1582.17,1583.15,1580.59,1582.27,54.6422,1782657599999,86441.760192,0,0.0,0.0,0
1782657600000,1582.27,1582.7,1581.04,1582.33,82.3209,1782657899999,130224.874678,0,0.0,0.0,0
1782657900000,1582.33,1585.22,1581.35,1582.95,96.8241,1782658199999,153271.032625,0,0.0,0.0,0
1782658200000,1582.95,1583.52,1579.91,1580.21,159.7157,1782658499999,252699.884199,0,0.0,0.0,0
1782658500000,1580.21,1581.28,1580.15,1580.51,64.4519,1782658799999,101891.592641,0,0.0,0.0,0
1782658800000,1580.51,1583.47,1578.57,1583.0,123.6816,1782659099999,195571.614518,0,0.0,0.0,0
1782659100000,1583.0,1583.81,1577.57,1578.21,106.05,1782659399999,167596.295564,0,0.0,0.0,0
1782659400000,1578.21,1582.88,1576.36,1582.41,145.1321,1782659699999,229188.079175,0,0.0,0.0,0
1782659700000,1582.41,1584.34,1579.59,1581.27,886.6149,1782659999999,1402380.893892,0,0.0,0.0,0
1782660000000,1581.27,1582.12,1580.44,1581.91,151.9668,1782660299999,240300.971454,0,0.0,0.0,0
1782660300000,1581.91,1582.89,1581.24,1581.63,109.6136,1782660599999,173394.03628200002,0,0.0,0.0,0
1782660600000,1581.63,1583.36,1580.36,1583.18,381.93,1782660899999,603966.290941,0,0.0,0.0,0
1782660900000,1583.18,1583.83,1578.61,1579.78,213.9752,1782661199999,338223.893789,0,0.0,0.0,0
1782661200000,1579.78,1581.21,1578.89,1580.95,100.3711,1782661499999,158591.299814,0,0.0,0.0,0
1782661500000,1580.95,1580.95,1578.03,1578.61,111.8826,1782661799999,176673.181845,0,0.0,0.0,0
1782661800000,1578.61,1582.39,1576.15,1577.95,177.0982,1782662099999,279557.700364,0,0.0,0.0,0
1782662100000,1577.95,1580.04,1577.55,1579.94,150.8393,1782662399999,238159.326767,0,0.0,0.0,0
1782662400000,1579.94,1581.14,1578.43,1579.5,174.0469,1782662699999,274976.292222,0,0.0,0.0,0
1782662700000,1579.5,1580.18,1576.35,1577.37,159.5302,1782662999999,251846.9371,0,0.0,0.0,0
1782663000000,1577.37,1578.86,1576.76,1577.49,200.4238,1782663299999,316193.317559,0,0.0,0.0,0
1782663300000,1577.49,1579.16,1576.04,1578.5,167.0936,1782663599999,263684.784675,0,0.0,0.0,0
1782663600000,1578.5,1578.92,1576.1,1576.1,297.0036,1782663899999,468392.47207400005,0,0.0,0.0,0
1782663900000,1576.1,1576.49,1572.23,1575.59,1166.4879,1782664199999,1836175.261133,0,0.0,0.0,0
1782664200000,1575.59,1576.11,1566.52,1569.24,596.7322,1782664499999,937110.0730140001,0,0.0,0.0,0
1782664500000,1569.24,1571.54,1567.67,1568.94,497.1525,1782664799999,780307.8473660001,0,0.0,0.0,0
1782664800000,1568.94,1571.13,1566.33,1567.2,340.4458,1782665099999,534060.1767450001,0,0.0,0.0,0
1782665100000,1567.2,1571.39,1565.5,1570.13,536.8122999999999,1782665399999,841906.827783,0,0.0,0.0,0
1782665400000,1570.13,1570.88,1568.83,1570.57,310.4802,1782665699999,487361.437922,0,0.0,0.0,0
1782665700000,1570.57,1572.53,1570.01,1572.02,339.9883,1782665999999,534321.593077,0,0.0,0.0,0
1782666000000,1572.02,1573.59,1571.33,1572.46,391.8348,1782666299999,616201.671532,0,0.0,0.0,0
1782666300000,1572.46,1576.68,1571.83,1572.74,775.8995,1782666599999,1221325.340056,0,0.0,0.0,0
1782666600000,1572.74,1572.87,1567.1,1569.82,538.7264,1782666899999,845712.480262,0,0.0,0.0,0
1782666900000,1569.82,1570.75,1568.26,1568.93,551.591,1782667199999,865835.710432,0,0.0,0.0,0
1782667200000,1568.93,1570.37,1568.34,1569.38,281.2151,1782667499999,441368.110354,0,0.0,0.0,0
1782667500000,1569.38,1569.38,1566.15,1566.86,177.6832,1782667799999,278551.51243299997,0,0.0,0.0,0
1782667800000,1566.86,1569.99,1565.22,1568.16,241.5554,1782668099999,378759.078467,0,0.0,0.0,0
1782668100000,1568.16,1568.29,1562.63,1564.91,690.7406,1782668399999,1080397.869452,0,0.0,0.0,0
1782668400000,1564.91,1569.12,1564.74,1568.36,2592.4955,1782668699999,4065728.566214999,0,0.0,0.0,0
1782668700000,1568.36,1570.12,1567.63,1568.73,464.0363,1782668999999,728026.985345,0,0.0,0.0,0
1782669000000,1568.73,1572.79,1568.73,1570.7,370.978,1782669299999,582536.148376,0,0.0,0.0,0
1782669300000,1570.7,1572.51,1570.7,1571.59,175.6914,1782669599999,276171.394017,0,0.0,0.0,0
1782669600000,1571.59,1574.48,1570.8,1573.08,322.8303,1782669899999,507713.479699,0,0.0,0.0,0
1782669900000,1573.08,1574.37,1571.8,1573.56,206.84789999999998,1782670199999,325417.15599400003,0,0.0,0.0,0
1782670200000,1573.56,1573.69,1572.3,1572.67,96.3447,1782670499999,151550.034676,0,0.0,0.0,0
1782670500000,1572.67,1572.92,1570.51,1571.43,1891.3818999999999,1782670799999,2973633.468938,0,0.0,0.0,0
1782670800000,1571.43,1572.19,1570.37,1571.47,163.50130000000001,1782671099999,256868.03816999999,0,0.0,0.0,0
1782671100000,1571.47,1572.84,1568.61,1569.27,214.2791,1782671399999,336570.806756,0,0.0,0.0,0
1782671400000,1569.27,1570.54,1568.97,1569.07,80.93130000000001,1782671699999,127020.651747,0,0.0,0.0,0
1782671700000,1569.07,1570.72,1568.23,1569.75,183.4638,1782671999999,287974.502517,0,0.0,0.0,0
1782672000000,1569.75,1572.21,1569.75,1570.26,251.8597,1782672299999,395659.517248,0,0.0,0.0,0
1782672300000,1570.26,1571.66,1568.18,1569.01,223.6882,1782672599999,351125.949415,0,0.0,0.0,0
1782672600000,1569.01,1571.18,1569.01,1570.0,1738.2491,1782672899999,2729553.192494,0,0.0,0.0,0
1782672900000,1570.0,1571.89,1569.31,1570.72,1078.8614,1782673199999,1694765.208255,0,0.0,0.0,0
1782673200000,1570.72,1570.9,1566.53,1567.83,400.8631,1782673499999,628961.015275,0,0.0,0.0,0
1782673500000,1567.83,1569.8,1567.05,1569.65,2340.0153,1782673799999,3669943.231712,0,0.0,0.0,0
1782673800000,1569.65,1569.77,1568.41,1568.95,188.6233,1782674099999,295961.506032,0,0.0,0.0,0
1782674100000,1568.95,1569.46,1567.4,1567.81,249.9875,1782674399999,392202.384367,0,0.0,0.0,0
1782674400000,1567.81,1569.61,1566.82,1568.77,248.2717,1782674699999,389187.373703,0,0.0,0.0,0
1782674700000,1568.77,1569.73,1568.63,1569.67,106.5397,1782674999999,167168.859075,0,0.0,0.0,0
1782675000000,1569.67,1573.74,1569.34,1571.76,192.4762,1782675299999,302530.191257,0,0.0,0.0,0
1782675300000,1571.76,1571.76,1567.1,1568.04,326.7482,1782675599999,512459.577395,0,0.0,0.0,0
1782675600000,1568.04,1568.23,1566.65,1567.25,325.4688,1782675899999,510115.668161,0,0.0,0.0,0
1782675900000,1567.25,1567.43,1555.67,1558.72,1592.8781999999999,1782676199999,2484824.353554,0,0.0,0.0,0
1782676200000,1558.72,1564.65,1557.48,1564.14,448.9631,1782676499999,700272.719277,0,0.0,0.0,0
1782676500000,1564.14,1564.83,1562.48,1563.72,233.8576,1782676799999,365603.873726,0,0.0,0.0,0
1782676800000,1563.72,1566.74,1563.34,1565.81,426.1809,1782677099999,667170.264335,0,0.0,0.0,0
1782677100000,1565.81,1566.95,1565.01,1565.75,207.0553,1782677399999,324246.050566,0,0.0,0.0,0
1782677400000,1565.75,1572.81,1565.75,1571.91,774.5092,1782677699999,1214684.312218,0,0.0,0.0,0
1782677700000,1571.91,1575.46,1571.15,1572.65,402.5009,1782677999999,633281.671785,0,0.0,0.0,0
1782678000000,1572.65,1574.87,1571.42,1573.91,3362.4666,1782678299999,5288915.4216,0,0.0,0.0,0
1782678300000,1573.91,1575.62,1572.64,1573.27,791.4376,1782678599999,1245601.718137,0,0.0,0.0,0
1782678600000,1573.27,1574.21,1572.69,1572.83,232.2413,1782678899999,365418.667266,0,0.0,0.0,0
1782678900000,1572.83,1573.48,1571.19,1572.82,531.9609,1782679199999,836354.173918,0,0.0,0.0,0
1782679200000,1572.82,1573.42,1571.6,1571.91,485.1748,1782679499999,762874.134808,0,0.0,0.0,0
1782679500000,1571.91,1573.93,1570.98,1572.88,1626.5398,1782679799999,2557535.464946,0,0.0,0.0,0
1782679800000,1572.88,1572.96,1571.25,1571.97,4225.1854,1782680099999,6642351.7198990015,0,0.0,0.0,0
1782680100000,1571.97,1573.34,1571.97,1572.27,316.5675,1782680399999,497829.496072,0,0.0,0.0,0
1782680400000,1572.27,1572.45,1570.31,1570.41,2180.956,1782680699999,3426127.009465,0,0.0,0.0,0
1782680700000,1570.41,1572.25,1570.26,1571.02,3227.2839,1782680999999,5070451.081407,0,0.0,0.0,0
1782681000000,1571.02,1571.07,1567.83,1569.98,1020.0435,1782681299999,1601086.0437709999,0,0.0,0.0,0
1782681300000,1569.98,1570.6,1568.62,1570.6,644.7488999999999,1782681599999,1012076.98095,0,0.0,0.0,0
1782681600000,1570.6,1571.58,1568.58,1569.59,1683.2128,1782681899999,2642470.6545629995,0,0.0,0.0,0
1782681900000,1569.59,1570.71,1568.58,1569.67,600.5562,1782682199999,942763.63771,0,0.0,0.0,0
1782682200000,1569.67,1571.93,1569.4,1571.04,1202.632,1782682499999,1889144.5585480002,0,0.0,0.0,0
1782682500000,1571.04,1573.08,1569.51,1569.61,1876.5928,1782682799999,2949199.81628,0,0.0,0.0,0
1782682800000,1569.61,1570.59,1568.73,1569.08,1018.0094,1782683099999,1597816.455846,0,0.0,0.0,0
1782683100000,1569.08,1569.99,1559.5,1560.06,608.243,1782683399999,952078.993978,0,0.0,0.0,0
1782683400000,1560.06,1562.26,1558.03,1561.03,459.9701,1782683699999,717837.966888,0,0.0,0.0,0
1782683700000,1561.03,1562.96,1559.49,1562.77,953.4866,1782683999999,1488827.83914,0,0.0,0.0,0
1782684000000,1562.77,1580.72,1562.6,1575.99,2253.364,1782684299999,3542800.018375,0,0.0,0.0,0
1782684300000,1575.99,1580.8,1573.43,1573.46,1860.8787,1782684599999,2936271.2917730003,0,0.0,0.0,0
1782684600000,1573.46,1573.89,1569.51,1570.61,2584.4885999999997,1782684899999,4059673.0973189995,0,0.0,0.0,0
1782684900000,1570.61,1571.22,1559.39,1562.3,1699.4127,1782685199999,2660352.947154,0,0.0,0.0,0
1782685200000,1562.3,1571.0,1558.66,1568.26,2252.3032,1782685499999,3529928.5555649996,0,0.0,0.0,0
1782685500000,1568.26,1568.3,1563.44,1566.5,758.7852,1782685799999,1187896.617998,0,0.0,0.0,0
1782685800000,1566.5,1569.29,1562.54,1563.62,914.9258,1782686099999,1433297.370283,0,0.0,0.0,0
1782686100000,1563.62,1566.8,1562.68,1566.18,1076.9204,1782686399999,1685878.035782,0,0.0,0.0,0
1782686400000,1566.18,1566.18,1559.27,1560.04,513.7165,1782686699999,802969.963368,0,0.0,0.0,0
1782686700000,1560.04,1563.53,1559.32,1562.05,368.5459,1782686999999,575432.0933450001,0,0.0,0.0,0
1782687000000,1562.05,1562.05,1546.96,1551.92,1202.3923,1782687299999,1867981.2211149998,0,0.0,0.0,0
1782687300000,1551.92,1556.62,1551.92,1555.85,845.9679,1782687599999,1314784.617041,0,0.0,0.0,0
1782687600000,1555.85,1563.88,1554.11,1558.87,1576.808,1782687899999,2458949.422085,0,0.0,0.0,0
1782687900000,1558.87,1563.04,1557.24,1562.02,427.6183,1782688199999,667145.084338,0,0.0,0.0,0
1782688200000,1562.02,1564.44,1560.87,1560.87,557.4498,1782688499999,871151.459254,0,0.0,0.0,0
1782688500000,1560.87,1565.48,1559.77,1564.43,414.8754,1782688799999,648243.182225,0,0.0,0.0,0
1782688800000,1564.43,1566.14,1562.54,1565.65,184.99339999999998,1782689099999,289443.22553399997,0,0.0,0.0,0
1782689100000,1565.65,1570.41,1564.91,1569.18,859.173,1782689399999,1346059.395411,0,0.0,0.0,0
1782689400000,1569.18,1574.0,1568.47,1573.82,1519.3446999999999,1782689699999,2387898.031081,0,0.0,0.0,0
1782689700000,1573.82,1579.38,1572.87,1575.87,867.9359,1782689999999,1367983.244526,0,0.0,0.0,0
1782690000000,1575.87,1577.24,1574.51,1574.84,732.7061,1782690299999,1154472.972814,0,0.0,0.0,0
1782690300000,1574.84,1576.44,1573.07,1574.35,209.065,1782690599999,329241.048802,0,0.0,0.0,0
1782690600000,1574.35,1574.88,1571.52,1572.02,136.9033,1782690899999,215362.699833,0,0.0,0.0,0
1782690900000,1572.02,1572.31,1570.45,1571.01,417.1875,1782691199999,655580.953416,0,0.0,0.0,0
1782691200000,1571.01,1571.21,1564.76,1566.1,487.86,1782691499999,764617.704746,0,0.0,0.0,0
1782691500000,1566.1,1566.85,1561.78,1566.59,396.22589999999997,1782691799999,620077.960237,0,0.0,0.0,0
1782691800000,1566.59,1573.35,1566.49,1568.97,359.0646,1782692099999,563317.965071,0,0.0,0.0,0
1782692100000,1568.97,1569.56,1562.57,1564.94,576.0877,1782692399999,901563.794186,0,0.0,0.0,0
1782692400000,1564.94,1565.21,1558.37,1562.51,571.0765,1782692699999,891703.381065,0,0.0,0.0,0
1782692700000,1562.51,1563.86,1559.03,1559.03,491.0217,1782692999999,766628.998336,0,0.0,0.0,0
1782693000000,1559.03,1560.81,1550.94,1559.04,608.2521,1782693299999,946416.913843,0,0.0,0.0,0
1782693300000,1559.04,1559.14,1552.3,1555.0,442.6059,1782693599999,688180.873075,0,0.0,0.0,0
1782693600000,1555.0,1563.75,1554.87,1562.49,473.2343,1782693899999,738845.788186,0,0.0,0.0,0
1782693900000,1562.49,1562.49,1556.1,1560.28,321.8693,1782694199999,501769.575058,0,0.0,0.0,0
1782694200000,1560.28,1565.81,1560.15,1565.54,249.2653,1782694499999,389921.772931,0,0.0,0.0,0
1782694500000,1565.54,1573.94,1565.54,1572.29,504.9987,1782694799999,792905.938689,0,0.0,0.0,0
1782694800000,1572.29,1573.33,1565.19,1565.36,410.6427,1782695099999,644265.440168,0,0.0,0.0,0
1782695100000,1565.36,1570.73,1565.36,1567.86,260.1031,1782695399999,407913.142704,0,0.0,0.0,0
1782695400000,1567.86,1568.44,1565.08,1566.4,151.2926,1782695699999,237065.68497,0,0.0,0.0,0
1782695700000,1566.4,1567.92,1559.25,1562.07,383.3888,1782695999999,598981.895126,0,0.0,0.0,0
1782696000000,1562.07,1564.85,1560.23,1563.9,579.6667,1782696299999,905837.741344,0,0.0,0.0,0
1782696300000,1563.9,1566.77,1561.57,1561.84,712.9431,1782696599999,1115117.057997,0,0.0,0.0,0
1782696600000,1561.84,1565.55,1559.04,1561.13,451.3793,1782696899999,705366.758691,0,0.0,0.0,0
1782696900000,1561.13,1569.23,1560.77,1569.23,365.0679,1782697199999,571607.950231,0,0.0,0.0,0
1782697200000,1569.23,1572.86,1569.23,1571.35,808.2989,1782697499999,1269952.843604,0,0.0,0.0,0
1782697500000,1571.35,1572.47,1568.31,1571.63,658.94,1782697799999,1034500.531905,0,0.0,0.0,0
1782697800000,1571.63,1572.55,1567.73,1569.5,355.3974,1782698099999,558029.759704,0,0.0,0.0,0
1782698100000,1569.5,1570.12,1567.39,1567.43,549.7314,1782698399999,862281.717003,0,0.0,0.0,0
1782698400000,1567.43,1569.64,1565.01,1566.2,528.2135,1782698699999,827811.127907,0,0.0,0.0,0
1782698700000,1566.2,1567.41,1561.31,1561.83,291.5963,1782698999999,456054.265687,0,0.0,0.0,0
1782699000000,1561.83,1563.09,1549.72,1554.2,1011.0146,1782699299999,1572337.0269209999,0,0.0,0.0,0
1782699300000,1554.2,1560.53,1554.12,1558.22,526.2731,1782699599999,819443.380757,0,0.0,0.0,0
1782699600000,1558.22,1566.99,1558.21,1565.75,414.6248,1782699899999,648442.537456,0,0.0,0.0,0
1782699900000,1565.75,1574.02,1564.99,1571.82,586.0823,1782700199999,920574.488309,0,0.0,0.0,0
1782700200000,1571.82,1572.45,1568.62,1570.0,540.053,1782700499999,847881.225825,0,0.0,0.0,0
1782700500000,1570.0,1574.34,1568.57,1572.53,239.1641,1782700799999,375757.73046500003,0,0.0,0.0,0
1782700800000,1572.53,1577.67,1571.2,1575.63,562.1056,1782701099999,885251.643832,0,0.0,0.0,0
1782701100000,1575.63,1578.0,1574.72,1578.0,252.327,1782701399999,397605.180034,0,0.0,0.0,0
1782701400000,1578.0,1578.0,1575.06,1575.29,237.9191,1782701699999,375052.612494,0,0.0,0.0,0
1782701700000,1575.29,1577.4,1575.09,1575.85,181.1564,1782701999999,285504.425507,0,0.0,0.0,0
1782702000000,1575.85,1581.0,1575.85,1579.73,280.5051,1782702299999,442825.791858,0,0.0,0.0,0
1782702300000,1579.73,1587.3,1579.73,1584.16,1497.5135,1782702599999,2372833.1024519997,0,0.0,0.0,0
1782702600000,1584.16,1586.93,1581.85,1582.93,221.0805,1782702899999,350097.58806,0,0.0,0.0,0
1782702900000,1582.93,1583.49,1582.01,1583.24,241.209,1782703199999,381788.338645,0,0.0,0.0,0
1782703200000,1583.24,1585.66,1582.01,1584.94,80.6745,1782703499999,127785.415729,0,0.0,0.0,0
1782703500000,1584.94,1588.27,1583.72,1586.1,902.3274,1782703799999,1431919.237289,0,0.0,0.0,0
1782703800000,1586.1,1586.82,1582.21,1582.99,510.3688,1782704099999,808527.402504,0,0.0,0.0,0
1782704100000,1582.99,1583.51,1576.69,1578.31,704.0382,1782704399999,1112362.509638,0,0.0,0.0,0
1782704400000,1578.31,1578.95,1576.34,1577.23,419.1737,1782704699999,661259.5850579999,0,0.0,0.0,0
1782704700000,1577.23,1581.32,1576.51,1580.18,493.2082,1782704999999,778770.654202,0,0.0,0.0,0
1782705000000,1580.18,1584.33,1580.01,1582.73,377.0758,1782705299999,596609.593436,0,0.0,0.0,0
1782705300000,1582.73,1584.18,1581.3,1583.67,205.6238,1782705599999,325382.33766900003,0,0.0,0.0,0
1782705600000,1583.67,1584.09,1581.65,1581.78,203.3981,1782705899999,321889.483854,0,0.0,0.0,0
1782705900000,1581.78,1582.11,1579.41,1580.19,353.62469999999996,1782706199999,558932.112081,0,0.0,0.0,0
1782706200000,1580.19,1580.92,1578.77,1579.28,223.6446,1782706499999,353218.930825,0,0.0,0.0,0
1782706500000,1579.28,1581.73,1578.81,1579.22,325.0449,1782706799999,513514.842014,0,0.0,0.0,0
1782706800000,1579.22,1580.94,1577.79,1580.49,313.761,1782707099999,495399.714921,0,0.0,0.0,0
1782707100000,1580.49,1582.35,1580.31,1581.45,256.96999999999997,1782707399999,406339.228814,0,0.0,0.0,0
1782707400000,1581.45,1581.73,1579.13,1579.3,214.4168,1782707699999,338859.909024,0,0.0,0.0,0
1782707700000,1579.3,1580.01,1577.15,1577.33,1783.2254,1782707999999,2814517.222194,0,0.0,0.0,0
1782708000000,1577.33,1577.33,1574.12,1576.14,692.795,1782708299999,1091441.1389600001,0,0.0,0.0,0
1782708300000,1576.14,1576.31,1574.13,1575.71,239.5862,1782708599999,377444.501894,0,0.0,0.0,0
1782708600000,1575.71,1577.45,1574.8,1576.12,255.8763,1782708899999,403354.984032,0,0.0,0.0,0
1782708900000,1576.12,1576.12,1573.45,1574.47,255.895,1782709199999,402842.510181,0,0.0,0.0,0
1782709200000,1574.47,1575.69,1568.41,1568.9,380.767,1782709499999,598298.869594,0,0.0,0.0,0
1782709500000,1568.9,1568.9,1561.98,1566.4,658.8265,1782709799999,1030821.879244,0,0.0,0.0,0
1782709800000,1566.4,1567.56,1560.92,1565.82,580.597,1782710099999,908521.807603,0,0.0,0.0,0
1782710100000,1565.82,1570.99,1565.6,1567.38,496.7826,1782710399999,779010.054731,0,0.0,0.0,0
1782710400000,1567.38,1569.74,1567.29,1569.2,318.7951,1782710699999,500056.709167,0,0.0,0.0,0
1782710700000,1569.2,1570.88,1568.96,1569.36,171.2251,1782710999999,268802.936284,0,0.0,0.0,0
1782711000000,1569.36,1572.82,1567.78,1572.79,138.9849,1782711299999,218101.43716,0,0.0,0.0,0
1782711300000,1572.79,1573.87,1570.37,1571.69,191.70669999999998,1782711599999,301180.325771,0,0.0,0.0,0
1782711600000,1571.69,1578.58,1571.21,1577.27,258.7571,1782711899999,407473.014716,0,0.0,0.0,0
1782711900000,1577.27,1580.57,1576.45,1577.25,249.08689999999999,1782712199999,393038.80034,0,0.0,0.0,0
1782712200000,1577.25,1579.68,1576.85,1579.46,198.3774,1782712499999,313103.859002,0,0.0,0.0,0
1782712500000,1579.46,1582.29,1578.95,1582.18,262.5468,1782712799999,414951.146666,0,0.0,0.0,0
1782712800000,1582.18,1586.18,1582.15,1585.2,711.1342999999999,1782713099999,1126218.176581,0,0.0,0.0,0
1782713100000,1585.2,1585.72,1582.11,1584.76,415.332,1782713399999,657853.932319,0,0.0,0.0,0
1782713400000,1584.76,1584.89,1582.97,1584.39,80.1577,1782713699999,126959.584913,0,0.0,0.0,0
1782713700000,1584.39,1588.12,1583.6,1586.54,386.7943,1782713999999,613356.65266,0,0.0,0.0,0
1782714000000,1586.54,1586.57,1583.89,1584.6,97.4893,1782714299999,154546.81261300002,0,0.0,0.0,0
1782714300000,1584.6,1585.37,1582.0,1582.19,294.3262,1782714599999,466016.817096,0,0.0,0.0,0
1782714600000,1582.19,1583.74,1580.87,1581.39,579.491,1782714899999,916919.0261029999,0,0.0,0.0,0
1782714900000,1581.39,1581.41,1578.78,1579.1,319.2556,1782715199999,504325.57944,0,0.0,0.0,0
1782715200000,1579.1,1581.86,1579.1,1580.34,209.87199999999999,1782715499999,331702.800967,0,0.0,0.0,0
1782715500000,1580.34,1582.34,1579.76,1579.81,246.4979,1782715799999,389707.34047,0,0.0,0.0,0
1782715800000,1579.81,1582.74,1579.61,1582.08,356.5637,1782716099999,563796.100707,0,0.0,0.0,0
1782716100000,1582.08,1582.25,1580.61,1582.04,74.6464,1782716399999,118056.742512,0,0.0,0.0,0
1782716400000,1582.04,1582.26,1576.65,1579.99,458.9028,1782716699999,724544.229113,0,0.0,0.0,0
1782716700000,1579.99,1580.0,1578.43,1578.74,514.1912,1782716999999,812033.763923,0,0.0,0.0,0
1782717000000,1578.74,1580.7,1577.56,1580.51,265.7755,1782717299999,419566.37879499997,0,0.0,0.0,0
1782717300000,1580.51,1584.0,1578.66,1579.31,300.3619,1782717599999,474832.600561,0,0.0,0.0,0
1782717600000,1579.31,1580.11,1578.39,1579.66,407.08119999999997,1782717899999,642829.395729,0,0.0,0.0,0
1782717900000,1579.66,1582.05,1578.43,1580.22,360.2784000000001,1782718199999,569149.8836310001,0,0.0,0.0,0
1782718200000,1580.22,1580.73,1578.88,1579.68,297.1463,1782718499999,469338.753317,0,0.0,0.0,0
1782718500000,1579.68,1581.57,1579.31,1580.96,194.10270000000003,1782718799999,306788.269124,0,0.0,0.0,0
1782718800000,1580.96,1581.17,1578.91,1579.49,97.233,1782719099999,153609.884267,0,0.0,0.0,0
1782719100000,1579.49,1580.8,1578.92,1580.36,156.0995,1782719399999,246602.187041,0,0.0,0.0,0
1782719400000,1580.36,1582.07,1580.23,1580.79,265.332,1782719699999,419547.626849,0,0.0,0.0,0
1782719700000,1580.79,1581.25,1578.88,1578.96,2338.9523,1782719999999,3694352.928156,0,0.0,0.0,0
1782720000000,1578.96,1581.44,1577.71,1580.3,518.8639,1782720299999,819458.454813,0,0.0,0.0,0
1782720300000,1580.3,1580.4,1575.85,1578.68,358.1848,1782720599999,564877.5110589999,0,0.0,0.0,0
1782720600000,1578.68,1579.43,1577.59,1578.74,294.3271,1782720899999,464639.480025,0,0.0,0.0,0
1782720900000,1578.74,1581.42,1578.18,1578.61,1604.1861000000001,1782721199999,2532702.1367989997,0,0.0,0.0,0
1782721200000,1578.61,1578.85,1575.0,1576.06,2366.0855,1782721499999,3731334.296375,0,0.0,0.0,0
1782721500000,1576.06,1576.17,1571.99,1572.92,510.86389999999994,1782721799999,803862.5047200001,0,0.0,0.0,0
1782721800000,1572.92,1573.64,1569.38,1573.36,1080.3752,1782722099999,1697561.991464,0,0.0,0.0,0
1782722100000,1573.36,1576.02,1572.18,1574.6,789.9322000000001,1782722399999,1243763.858063,0,0.0,0.0,0
1782722400000,1574.6,1574.81,1570.88,1573.17,478.76160000000004,1782722699999,753286.391035,0,0.0,0.0,0
1782722700000,1573.17,1576.11,1572.83,1575.02,3106.3489999999997,1782722999999,4890623.737845,0,0.0,0.0,0
1782723000000,1575.02,1575.52,1573.18,1573.7,1505.1642,1782723299999,2369826.751894,0,0.0,0.0,0
1782723300000,1573.7,1573.7,1571.39,1572.31,421.2647,1782723599999,662727.661433,0,0.0,0.0,0
1782723600000,1572.31,1573.95,1571.53,1573.55,361.9943,1782723899999,569260.183287,0,0.0,0.0,0
1782723900000,1573.55,1573.65,1572.34,1573.16,130.9265,1782724199999,205970.954622,0,0.0,0.0,0
1782724200000,1573.16,1574.44,1572.01,1574.1,233.0397,1782724499999,366753.20209800004,0,0.0,0.0,0
1782724500000,1574.1,1579.88,1573.84,1576.37,398.4316,1782724799999,628360.295944,0,0.0,0.0,0
1782724800000,1576.37,1577.62,1572.93,1573.57,344.9264,1782725099999,543388.852993,0,0.0,0.0,0
1782725100000,1573.57,1577.13,1569.66,1576.0,807.6016,1782725399999,1271396.042031,0,0.0,0.0,0
1782725400000,1576.0,1577.52,1575.12,1576.09,155.799,1782725699999,245572.78759,0,0.0,0.0,0
1782725700000,1576.09,1576.09,1572.54,1573.94,243.9932,1782725999999,383992.658801,0,0.0,0.0,0
1782726000000,1573.94,1574.97,1572.93,1574.02,156.2077,1782726299999,245887.380666,0,0.0,0.0,0
1782726300000,1574.02,1576.53,1573.67,1575.02,127.21809999999999,1782726599999,200381.19782,0,0.0,0.0,0
1782726600000,1575.02,1575.93,1572.58,1574.27,373.574,1782726899999,588006.29099,0,0.0,0.0,0
1782726900000,1574.27,1576.23,1574.27,1575.61,112.1909,1782727199999,176753.95798,0,0.0,0.0,0
1782727200000,1575.61,1579.53,1575.54,1578.31,383.1885,1782727499999,604487.237495,0,0.0,0.0,0
1782727500000,1578.31,1584.53,1577.88,1584.35,652.1496,1782727799999,1031127.0535,0,0.0,0.0,0
1782727800000,1584.35,1586.11,1581.32,1583.03,1008.8285000000001,1782728099999,1598549.632201,0,0.0,0.0,0
1782728100000,1583.03,1583.58,1580.84,1583.09,251.1235,1782728399999,397304.89057,0,0.0,0.0,0
1782728400000,1583.09,1583.4,1580.07,1580.58,1563.7963,1782728699999,2472063.703016,0,0.0,0.0,0
1782728700000,1580.58,1580.98,1579.61,1580.61,1446.8314,1782728999999,2286565.173178,0,0.0,0.0,0
1782729000000,1580.61,1580.81,1578.3,1579.31,408.9358,1782729299999,645832.045082,0,0.0,0.0,0
1782729300000,1579.31,1579.72,1577.45,1578.72,482.3299,1782729599999,761131.64635,0,0.0,0.0,0
1782729600000,1578.72,1579.39,1577.77,1578.08,89.0174,1782729899999,140526.210094,0,0.0,0.0,0
1782729900000,1578.08,1578.67,1576.55,1576.96,1651.0371,1782730199999,2604281.006345,0,0.0,0.0,0
1782730200000,1576.96,1578.09,1576.36,1577.47,177.026,1782730499999,279261.832852,0,0.0,0.0,0
1782730500000,1577.47,1578.22,1577.08,1577.61,47.1733,1782730799999,74423.661181,0,0.0,0.0,0
1782730800000,1577.61,1578.32,1575.1,1575.98,271.71139999999997,1782731099999,428264.12823800003,0,0.0,0.0,0
1782731100000,1575.98,1576.13,1574.36,1575.74,133.793,1782731399999,210757.364806,0,0.0,0.0,0
1782731400000,1575.74,1575.74,1572.17,1572.17,337.9905,1782731699999,531745.715629,0,0.0,0.0,0
1782731700000,1572.17,1573.13,1569.62,1570.32,1569.9806,1782731999999,2466516.934191,0,0.0,0.0,0
1782732000000,1570.32,1571.12,1569.17,1571.12,118.7147,1782732299999,186426.13661699998,0,0.0,0.0,0
1782732300000,1571.12,1573.55,1571.12,1573.03,186.6771,1782732599999,293492.09867499996,0,0.0,0.0,0
1782732600000,1573.03,1581.17,1571.74,1574.51,1536.1725,1782732899999,2421845.871642,0,0.0,0.0,0
1782732900000,1574.51,1574.8,1569.64,1570.71,319.2056,1782733199999,501949.379764,0,0.0,0.0,0
1782733200000,1570.71,1573.3,1570.0,1571.19,243.3443,1782733499999,382426.134778,0,0.0,0.0,0
1782733500000,1571.19,1573.03,1570.23,1570.67,384.9875,1782733799999,605153.454964,0,0.0,0.0,0
1782733800000,1570.67,1572.08,1569.57,1570.12,183.5542,1782734099999,288286.909507,0,0.0,0.0,0
1782734100000,1570.12,1574.48,1570.0,1574.04,543.2135000000001,1782734399999,854295.953093,0,0.0,0.0,0
1782734400000,1574.04,1581.02,1565.97,1579.72,2555.9118,1782734699999,4022162.676406,0,0.0,0.0,0
1782734700000,1579.72,1591.0,1579.46,1584.34,3119.4741,1782734999999,4949719.363129,0,0.0,0.0,0
1782735000000,1584.34,1595.84,1582.96,1593.48,1731.2591,1782735299999,2755656.05577,0,0.0,0.0,0
1782735300000,1593.48,1595.99,1591.01,1593.14,1047.6415,1782735599999,1669780.6266680001,0,0.0,0.0,0
1782735600000,1593.14,1594.86,1586.63,1587.09,807.534,1782735899999,1284559.395115,0,0.0,0.0,0
1782735900000,1587.09,1590.28,1587.09,1589.73,364.2847,1782736199999,578822.084049,0,0.0,0.0,0
1782736200000,1589.73,1590.29,1586.46,1588.5,625.4799,1782736499999,992975.191191,0,0.0,0.0,0
1782736500000,1588.5,1589.39,1572.0,1573.36,2506.9258,1782736799999,3966382.883329,0,0.0,0.0,0
1782736800000,1573.36,1575.25,1570.89,1574.98,1107.9682,1782737099999,1743440.333197,0,0.0,0.0,0
1782737100000,1574.98,1578.93,1574.14,1574.6,2901.148099999999,1782737399999,4577136.402345999,0,0.0,0.0,0
1782737400000,1574.6,1576.8,1569.93,1574.88,851.8238,1782737699999,1339843.021824,0,0.0,0.0,0
1782737700000,1574.88,1576.04,1574.58,1575.45,356.5818,1782737999999,561718.4477670001,0,0.0,0.0,0
1782738000000,1575.45,1581.38,1575.41,1581.15,553.4418000000001,1782738299999,873754.442699,0,0.0,0.0,0
1782738300000,1581.15,1585.08,1579.2,1579.82,447.0986,1782738599999,707261.774543,0,0.0,0.0,0
1782738600000,1579.82,1588.11,1579.68,1584.29,953.2090000000001,1782738899999,1510343.70826,0,0.0,0.0,0
1782738900000,1584.29,1585.89,1583.88,1584.62,724.4906,1782739199999,1148050.626503,0,0.0,0.0,0
1782739200000,1584.62,1584.97,1578.52,1579.38,1328.8076000000024,1782739499999,2100304.9913210003,0,0.0,0.0,0
1782739500000,1579.38,1579.41,1574.48,1574.48,380.81290000000064,1782739799999,600640.6270860019,0,0.0,0.0,0
1782739800000,1574.48,1583.79,1569.0,1581.95,1813.4796000000097,1782740099999,2863059.2585269995,0,0.0,0.0,0
1782740100000,1581.95,1581.96,1570.87,1572.07,979.0452999999919,1782740399999,1542519.848030002,0,0.0,0.0,0
1782740400000,1572.07,1574.53,1565.53,1566.75,1686.5347000000124,1782740699999,2647435.6993939974,0,0.0,0.0,0
1782740700000,1566.75,1570.09,1563.76,1566.32,3011.683700000016,1782740999999,4718536.3789049955,0,0.0,0.0,0
1782741000000,1566.32,1574.28,1564.62,1569.0,1095.8584999999905,1782741299999,1719263.890131001,0,0.0,0.0,0
1782741300000,1569.0,1571.97,1564.76,1571.7,1351.6269000000184,1782741599999,2118530.049122002,0,0.0,0.0,0
1782741600000,1571.7,1572.46,1567.1,1570.15,1093.3507999999956,1782741899999,1715537.945812997,0,0.0,0.0,0
1782741900000,1570.15,1570.15,1559.8,1564.2,3474.3308999999845,1782742199999,5437082.341216996,0,0.0,0.0,0
1782742200000,1564.2,1566.61,1558.62,1559.41,1543.309099999999,1782742499999,2409282.4632039974,0,0.0,0.0,0
1782742500000,1559.41,1564.48,1556.25,1561.67,2771.6659000000045,1782742799999,4324737.364083991,0,0.0,0.0,0
1782742800000,1561.67,1564.8,1559.02,1563.88,1450.987500000004,1782743099999,2265041.505479998,0,0.0,0.0,0
1782743100000,1563.88,1572.58,1563.43,1570.47,758.6847999999927,1782743399999,1189396.1619810017,0,0.0,0.0,0
1782743400000,1570.47,1578.06,1567.15,1574.1,1116.5867999999966,1782743699999,1755962.4256040037,0,0.0,0.0,0
1782743700000,1574.1,1574.9,1571.38,1572.98,593.4127999999978,1782743999999,933728.684082,0,0.0,0.0,0
1782744000000,1572.98,1572.98,1566.06,1566.57,757.9672999999985,1782744299999,1190318.7902689995,0,0.0,0.0,0
1782744300000,1566.57,1568.74,1563.38,1567.15,601.1237999999989,1782744599999,941655.1690349998,0,0.0,0.0,0
1782744600000,1567.15,1574.81,1566.9,1573.27,1826.0391000000334,1782744899999,2867369.934861995,0,0.0,0.0,0
1782744900000,1573.27,1573.59,1568.78,1572.08,781.9142999999909,1782745199999,1229020.780469996,0,0.0,0.0,0
1782745200000,1572.08,1572.19,1564.5,1565.18,480.9525999999977,1782745499999,754289.0430889995,0,0.0,0.0,0
1782745500000,1565.18,1566.69,1561.53,1566.04,733.1842999999895,1782745799999,1146750.2945659983,0,0.0,0.0,0
1782745800000,1566.04,1567.79,1560.47,1564.86,1066.0374999999883,1782746099999,1666423.5184299988,0,0.0,0.0,0
1782746100000,1564.86,1569.44,1564.15,1568.45,480.13719999999535,1782746399999,752055.6210550024,0,0.0,0.0,0
1782746400000,1568.45,1568.45,1562.08,1564.74,691.997799999996,1782746699999,1082588.2116100015,0,0.0,0.0,0
1782746700000,1564.74,1573.18,1563.75,1573.18,610.9886999999883,1782746999999,957877.9502750003,0,0.0,0.0,0
1782747000000,1573.18,1577.75,1573.02,1573.63,790.6279999999929,1782747299999,1244972.4913919999,0,0.0,0.0,0
1782747300000,1573.63,1581.35,1572.5,1580.27,938.1443999999979,1782747599999,1481049.4479959982,0,0.0,0.0,0
1782747600000,1580.27,1580.98,1574.98,1578.14,1380.0132999999923,1782747899999,2176942.3728540055,0,0.0,0.0,0
1782747900000,1578.14,1578.53,1575.52,1577.3,1624.1366000000019,1782748199999,2561204.835230996,0,0.0,0.0,0
1782748200000,1577.3,1583.79,1575.59,1582.37,1324.7948000000013,1782748499999,2092949.9314010062,0,0.0,0.0,0
1782748500000,1582.37,1582.46,1578.51,1579.27,397.82439999999883,1782748799999,628518.8497149993,0,0.0,0.0,0
1782748800000,1579.27,1580.12,1578.14,1579.13,684.0945999999997,1782749099999,1080046.2123290012,0,0.0,0.0,0
1782749100000,1579.13,1582.85,1577.6,1577.6,1380.5811999999967,1782749399999,2181098.6026970022,0,0.0,0.0,0
1782749400000,1577.6,1579.7,1576.19,1576.76,388.4087000000006,1782749699999,612863.3550820004,0,0.0,0.0,0
1782749700000,1576.76,1579.28,1576.47,1578.75,371.2739,1782749999999,585698.0875520001,0,0.0,0.0,0
1782750000000,1578.75,1578.8,1575.22,1576.17,347.9069000000001,1782750299999,548479.4920219999,0,0.0,0.0,0
1782750300000,1576.17,1576.8,1572.87,1573.75,805.1185999999994,1782750599999,1267208.5131469995,0,0.0,0.0,0
1782750600000,1573.75,1577.28,1573.75,1576.37,403.74019999999985,1782750899999,636121.9301669995,0,0.0,0.0,0
1782750900000,1576.37,1580.37,1575.88,1580.18,270.36660000000074,1782751199999,426492.13577899965,0,0.0,0.0,0
1782751200000,1580.18,1585.86,1579.43,1584.29,807.523599999998,1782751499999,1278147.408275002,0,0.0,0.0,0
1782751500000,1584.29,1586.0,1582.06,1585.82,457.1345999999991,1782751799999,724264.7406989998,0,0.0,0.0,0
1782751800000,1585.82,1586.5,1581.53,1582.73,638.9164999999971,1782752099999,1011992.9370609985,0,0.0,0.0,0
1782752100000,1582.73,1585.47,1581.42,1584.42,228.57320000000124,1782752399999,362002.2481589998,0,0.0,0.0,0
1782752400000,1584.42,1589.5,1584.21,1589.22,1353.1053,1782752699999,2148556.6647070013,0,0.0,0.0,0
1782752700000,1589.22,1595.0,1589.22,1591.52,1120.5877000000141,1782752999999,1784312.46438601,0,0.0,0.0,0
1782753000000,1591.52,1617.19,1591.52,1615.53,3270.159299999998,1782753299999,5260342.077195,0,0.0,0.0,0
1782753300000,1615.53,1631.3,1615.53,1627.49,1983.7870999999652,1782753599999,3222543.6932129976,0,0.0,0.0,0
1782753600000,1627.49,1629.0,1619.34,1620.86,5486.127200000163,1782753899999,8890737.233816978,0,0.0,0.0,0
1782753900000,1620.86,1626.42,1620.17,1625.62,1024.3967000000048,1782754199999,1663542.8974209933,0,0.0,0.0,0
1782754200000,1625.62,1632.28,1623.26,1623.86,2129.4274999999607,1782754499999,3461662.2030419963,0,0.0,0.0,0
1782754500000,1623.86,1625.71,1621.24,1622.73,1685.1931999999551,1782754799999,2736545.847827002,0,0.0,0.0,0
1782754800000,1622.73,1630.65,1622.73,1630.06,531.9033,1782755099999,864689.916675,0,0.0,0.0,0
1782755100000,1630.06,1636.0,1628.08,1632.17,1530.1398,1782755399999,2497909.350104,0,0.0,0.0,0
1782755400000,1632.17,1632.36,1629.07,1630.11,486.46569999999997,1782755699999,793047.586425,0,0.0,0.0,0
1782755700000,1630.11,1631.35,1626.71,1627.06,324.4095,1782755999999,528355.259703,0,0.0,0.0,0
1782756000000,1627.06,1628.02,1623.28,1625.69,435.7578,1782756299999,708350.942834,0,0.0,0.0,0
1782756300000,1625.69,1627.0,1624.61,1625.63,566.4951,1782756599999,920780.259957,0,0.0,0.0,0
1782756600000,1625.63,1627.8,1625.17,1627.69,483.7736,1782756899999,787120.953939,0,0.0,0.0,0
1782756900000,1627.69,1627.7,1623.28,1626.42,486.65590000000003,1782757199999,791033.644785,0,0.0,0.0,0
1782757200000,1626.42,1627.89,1625.07,1625.72,495.98179999999996,1782757499999,806687.628606,0,0.0,0.0,0
1782757500000,1625.72,1625.77,1617.73,1618.18,639.5434,1782757799999,1037864.5936370001,0,0.0,0.0,0
1782757800000,1618.18,1621.0,1617.89,1620.46,828.4706,1782758099999,1341982.024713,0,0.0,0.0,0
1782758100000,1620.46,1623.0,1619.7,1622.22,476.3657,1782758399999,772297.555057,0,0.0,0.0,0
1782758400000,1622.22,1623.52,1621.03,1622.93,881.1936999999999,1782758699999,1429513.492355,0,0.0,0.0,0
1782758700000,1622.93,1623.13,1621.24,1621.24,590.736,1782758999999,958396.410869,0,0.0,0.0,0
1782759000000,1621.24,1621.24,1619.01,1620.0,1905.2367,1782759299999,3086336.081313,0,0.0,0.0,0
1782759300000,1620.0,1620.62,1619.42,1620.43,1867.3570999999995,1782759599999,3025116.129430999,0,0.0,0.0,0
1782759600000,1620.43,1620.99,1615.79,1616.88,470.8393,1782759899999,762150.248661,0,0.0,0.0,0
1782759900000,1616.88,1618.6,1616.76,1618.24,318.4235,1782760199999,515069.612849,0,0.0,0.0,0
1782760200000,1618.24,1619.92,1617.14,1617.62,427.5995,1782760499999,691837.246221,0,0.0,0.0,0
1782760500000,1617.62,1619.98,1616.76,1619.69,1048.8719,1782760799999,1697198.225356,0,0.0,0.0,0
1782760800000,1619.69,1625.49,1619.54,1623.5,1770.9021,1782761099999,2874340.846557,0,0.0,0.0,0
1782761100000,1623.5,1626.57,1622.01,1625.05,1018.7834,1782761399999,1654989.876954,0,0.0,0.0,0
1782761400000,1625.05,1625.41,1620.9,1621.03,826.8753,1782761699999,1342408.667817,0,0.0,0.0,0
1782761700000,1621.03,1623.2,1620.63,1622.55,806.2167000000001,1782761999999,1307709.3271769998,0,0.0,0.0,0
1782762000000,1622.55,1624.1,1621.39,1623.72,631.3941,1782762299999,1024513.249692,0,0.0,0.0,0
1782762300000,1623.72,1625.7,1623.21,1625.46,776.0267,1782762599999,1260649.091277,0,0.0,0.0,0
1782762600000,1625.46,1626.77,1623.25,1625.17,562.8548,1782762899999,914446.0810870001,0,0.0,0.0,0
1782762900000,1625.17,1626.9,1624.06,1624.94,568.3993999999999,1782763199999,923944.986074,0,0.0,0.0,0
1782763200000,1624.94,1626.02,1622.91,1623.34,449.2439,1782763499999,729728.327713,0,0.0,0.0,0
1782763500000,1623.34,1623.98,1621.53,1623.32,225.5672,1782763799999,366148.736211,0,0.0,0.0,0
