timestamp_ms,timestamp,open,high,low,close,volume,quote_asset_volume,last_trade_id,sample_count,open_raw,high_raw,low_raw,close_raw
1782604800000,2026-06-28 00:00:00,1573.06,1574.01,1571.61,1572.71,1900.8883999999998,2989744.864925001,24024797527,0,0,0,0,0
1782605100000,2026-06-28 00:05:00,1572.71,1575.51,1572.46,1575.16,1016.1049000000002,1599042.6429669997,24025019383,0,0,0,0,0
1782605400000,2026-06-28 00:10:00,1575.16,1575.44,1574.31,1575.13,589.7167000000001,928685.737526,24025193700,0,0,0,0,0
1782605700000,2026-06-28 00:15:00,1575.13,1576.81,1574.79,1576.12,56.367,88816.82032700001,24025366644,0,0,0,0,0
1782606000000,2026-06-28 00:20:00,1576.12,1576.59,1574.89,1575.87,114.0812,179801.197585,24025536942,0,0,0,0,0
1782606300000,2026-06-28 00:25:00,1575.87,1577.22,1575.29,1576.87,111.05839999999999,175034.311919,24025701418,0,0,0,0,0
1782606600000,2026-06-28 00:30:00,1576.87,1576.96,1575.42,1576.25,66.4589,104736.91525800001,24025864935,0,0,0,0,0
1782606900000,2026-06-28 00:35:00,1576.25,1576.33,1573.92,1575.79,2033.5935,3203086.568053,24026052193,0,0,0,0,0
1782607200000,2026-06-28 00:40:00,1575.79,1575.79,1574.62,1575.66,121.764,191788.230115,24026209739,0,0,0,0,0
1782607500000,2026-06-28 00:45:00,1575.66,1576.34,1573.58,1574.68,105.4512,166057.648386,24026390770,0,0,0,0,0
1782607800000,2026-06-28 00:50:00,1574.68,1574.7,1572.76,1573.2,230.7117,362998.491831,24026576244,0,0,0,0,0
1782608100000,2026-06-28 00:55:00,1573.2,1574.74,1572.85,1573.91,145.284,228657.996444,24026743733,0,0,0,0,0
1782608400000,2026-06-28 01:00:00,1573.91,1574.49,1569.94,1570.44,339.45029999999997,533544.103158,24026943293,0,0,0,0,0
1782608700000,2026-06-28 01:05:00,1570.44,1571.75,1568.95,1570.94,220.1129,345584.247914,24027182216,0,0,0,0,0
1782609000000,2026-06-28 01:10:00,1570.94,1571.66,1569.92,1571.66,269.7013,423590.792229,24027367085,0,0,0,0,0
1782609300000,2026-06-28 01:15:00,1571.66,1573.19,1570.64,1571.86,283.53540000000004,445724.576051,24027560748,0,0,0,0,0
1782609600000,2026-06-28 01:20:00,1571.86,1574.16,1571.79,1574.03,79.9814,125811.268234,24027744633,0,0,0,0,0
1782609900000,2026-06-28 01:25:00,1574.03,1575.47,1573.55,1574.61,621.9295,979541.516064,24027926509,0,0,0,0,0
1782610200000,2026-06-28 01:30:00,1574.61,1575.0,1573.58,1574.89,106.4579,167579.309535,24028091637,0,0,0,0,0
1782610500000,2026-06-28 01:35:00,1574.89,1576.18,1574.59,1574.97,216.0157,340323.452204,24028248447,0,0,0,0,0
1782610800000,2026-06-28 01:40:00,1574.97,1575.97,1574.73,1575.4,130.7468,205971.051755,24028400331,0,0,0,0,0
1782611100000,2026-06-28 01:45:00,1575.4,1575.67,1574.61,1575.04,63.5844,100155.601004,24028555746,0,0,0,0,0
1782611400000,2026-06-28 01:50:00,1575.04,1575.69,1574.12,1574.17,122.67009999999999,193238.607438,24028721793,0,0,0,0,0
1782611700000,2026-06-28 01:55:00,1574.17,1574.87,1573.89,1574.24,96.2654,151551.744537,24028869085,0,0,0,0,0
1782612000000,2026-06-28 02:00:00,1574.24,1577.12,1574.2,1576.65,630.8677,993545.705909,24029051728,0,0,0,0,0
1782612300000,2026-06-28 02:05:00,1576.65,1577.02,1576.07,1576.55,310.0049,488785.216973,24029197441,0,0,0,0,0
1782612600000,2026-06-28 02:10:00,1576.55,1578.54,1576.55,1577.71,652.851,1029876.5037249998,24029343215,0,0,0,0,0
1782612900000,2026-06-28 02:15:00,1577.71,1578.99,1576.73,1576.81,149.0905,235250.78811300002,24029521236,0,0,0,0,0
1782613200000,2026-06-28 02:20:00,1576.81,1576.93,1568.11,1569.04,565.9492,890152.797277,24029798553,0,0,0,0,0
1782613500000,2026-06-28 02:25:00,1569.04,1571.61,1568.65,1570.91,181.9553,285629.876179,24030017631,0,0,0,0,0
1782613800000,2026-06-28 02:30:00,1570.91,1571.58,1570.16,1571.24,93.591,147024.325804,24030187500,0,0,0,0,0
1782614100000,2026-06-28 02:35:00,1571.24,1571.95,1570.96,1571.16,622.712,978650.231843,24030326163,0,0,0,0,0
1782614400000,2026-06-28 02:40:00,1571.16,1571.89,1569.91,1571.19,155.0502,243585.826982,24030482505,0,0,0,0,0
1782614700000,2026-06-28 02:45:00,1571.19,1571.88,1569.97,1570.9,498.7463,783781.59968,24030634506,0,0,0,0,0
1782615000000,2026-06-28 02:50:00,1570.9,1572.27,1570.88,1571.65,87.3525,137285.392231,24030780161,0,0,0,0,0
1782615300000,2026-06-28 02:55:00,1571.65,1572.13,1570.99,1570.99,38.742,60889.98324,24030907364,0,0,0,0,0
1782615600000,2026-06-28 03:00:00,1570.99,1573.7,1570.95,1573.05,617.2010999999999,970611.812275,24031074557,0,0,0,0,0
1782615900000,2026-06-28 03:05:00,1573.05,1573.26,1572.08,1572.88,439.42909999999995,690943.889322,24031221350,0,0,0,0,0
1782616200000,2026-06-28 03:10:00,1572.88,1575.4,1572.81,1574.69,84.6464,133266.487342,24031397506,0,0,0,0,0
1782616500000,2026-06-28 03:15:00,1574.69,1574.69,1572.97,1574.02,86.0779,135465.153942,24031569125,0,0,0,0,0
1782616800000,2026-06-28 03:20:00,1574.02,1574.66,1573.22,1573.46,67.1838,105732.994019,24031722103,0,0,0,0,0
1782617100000,2026-06-28 03:25:00,1573.46,1574.17,1573.43,1573.81,167.35739999999998,263374.844822,24031843659,0,0,0,0,0
1782617400000,2026-06-28 03:30:00,1573.81,1574.37,1572.68,1572.95,338.6166,532643.391029,24032002204,0,0,0,0,0
1782617700000,2026-06-28 03:35:00,1572.95,1573.47,1572.3,1572.82,2136.3972,3360358.205962,24032139952,0,0,0,0,0
1782618000000,2026-06-28 03:40:00,1572.82,1573.09,1572.33,1572.91,323.9349,509452.699061,24032260813,0,0,0,0,0
1782618300000,2026-06-28 03:45:00,1572.91,1573.73,1572.6,1573.55,238.364,374965.441207,24032390597,0,0,0,0,0
1782618600000,2026-06-28 03:50:00,1573.55,1573.97,1571.97,1572.77,368.5246,579487.249043,24032540781,0,0,0,0,0
1782618900000,2026-06-28 03:55:00,1572.77,1574.8,1572.56,1574.18,102.9643,161983.564698,24032684164,0,0,0,0,0
1782619200000,2026-06-28 04:00:00,1574.18,1574.54,1571.87,1573.18,2446.5288,3848848.858346,24032866550,0,0,0,0,0
1782619500000,2026-06-28 04:05:00,1573.18,1574.24,1572.62,1573.25,299.6815,471531.99406399997,24033010020,0,0,0,0,0
1782619800000,2026-06-28 04:10:00,1573.25,1573.42,1572.61,1573.1,316.7715,498289.211626,24033145078,0,0,0,0,0
1782620100000,2026-06-28 04:15:00,1573.1,1573.77,1572.89,1572.96,125.3445,197195.23886299998,24033276426,0,0,0,0,0
1782620400000,2026-06-28 04:20:00,1572.96,1574.92,1572.88,1574.48,179.1873,282040.825112,24033400715,0,0,0,0,0
1782620700000,2026-06-28 04:25:00,1574.48,1574.72,1573.23,1573.64,104.3622,164278.300673,24033512875,0,0,0,0,0
1782621000000,2026-06-28 04:30:00,1573.64,1573.64,1569.73,1570.88,274.28569999999996,431046.74937700003,24033699962,0,0,0,0,0
1782621300000,2026-06-28 04:35:00,1570.88,1572.37,1570.31,1571.95,431.6495,678393.22144,24033851712,0,0,0,0,0
1782621600000,2026-06-28 04:40:00,1571.95,1574.76,1571.83,1574.46,166.5777,262147.236331,24034001326,0,0,0,0,0
1782621900000,2026-06-28 04:45:00,1574.46,1576.47,1574.46,1574.7,488.4482,769510.7165859999,24034156652,0,0,0,0,0
1782622200000,2026-06-28 04:50:00,1574.7,1574.89,1573.93,1574.01,233.9835,368400.70119700005,24034291961,0,0,0,0,0
1782622500000,2026-06-28 04:55:00,1574.01,1574.03,1572.91,1573.19,210.6971,331482.914437,24034424379,0,0,0,0,0
1782622800000,2026-06-28 05:00:00,1573.19,1573.57,1568.43,1568.99,317.209,498588.420384,24034646371,0,0,0,0,0
1782623100000,2026-06-28 05:05:00,1568.99,1570.8,1568.6,1570.42,333.914,524181.47967,24034844379,0,0,0,0,0
1782623400000,2026-06-28 05:10:00,1570.42,1571.76,1570.42,1570.98,150.4264,236302.28216899998,24035003577,0,0,0,0,0
1782623700000,2026-06-28 05:15:00,1570.98,1571.87,1569.34,1571.47,112.7844,177185.766119,24035184124,0,0,0,0,0
1782624000000,2026-06-28 05:20:00,1571.47,1571.58,1568.13,1568.47,151.7743,238357.045759,24035380148,0,0,0,0,0
1782624300000,2026-06-28 05:25:00,1568.47,1568.79,1563.5,1564.87,707.3292,1107782.653615,24035711014,0,0,0,0,0
1782624600000,2026-06-28 05:30:00,1564.87,1568.06,1563.5,1568.0,397.36959999999993,622078.185518,24035970875,0,0,0,0,0
1782624900000,2026-06-28 05:35:00,1568.0,1568.89,1567.67,1568.01,117.6391,184481.161044,24036154780,0,0,0,0,0
1782625200000,2026-06-28 05:40:00,1568.01,1568.56,1567.57,1567.93,164.705,258263.036538,24036307061,0,0,0,0,0
1782625500000,2026-06-28 05:45:00,1567.93,1568.7,1567.48,1568.02,3107.2969,4872388.313121,24036451375,0,0,0,0,0
1782625800000,2026-06-28 05:50:00,1568.02,1569.03,1567.55,1568.28,1587.3963,2489326.813465,24036603388,0,0,0,0,0
1782626100000,2026-06-28 05:55:00,1568.28,1569.99,1567.85,1568.14,511.4049,802225.353922,24036764912,0,0,0,0,0
1782626400000,2026-06-28 06:00:00,1568.14,1569.81,1567.43,1567.81,1875.8807,2942321.445893,24036924164,0,0,0,0,0
1782626700000,2026-06-28 06:05:00,1567.81,1569.09,1566.87,1568.12,2736.3368,4290940.37789,24037103276,0,0,0,0,0
1782627000000,2026-06-28 06:10:00,1568.12,1568.12,1562.39,1562.51,2552.2862999999998,3992527.145978,24037377348,0,0,0,0,0
1782627300000,2026-06-28 06:15:00,1562.51,1565.72,1561.42,1564.55,2557.0702,3996223.730556,24037670096,0,0,0,0,0
1782627600000,2026-06-28 06:20:00,1564.55,1565.82,1563.96,1564.39,157.2405,246031.592844,24037850522,0,0,0,0,0
1782627900000,2026-06-28 06:25:00,1564.39,1564.74,1563.45,1564.46,198.2369,310041.42277,24038009742,0,0,0,0,0
1782628200000,2026-06-28 06:30:00,1564.46,1566.59,1564.29,1565.85,442.9866,693521.435876,24038179391,0,0,0,0,0
1782628500000,2026-06-28 06:35:00,1565.85,1566.39,1565.4,1566.23,113.843,178245.952872,24038318519,0,0,0,0,0
1782628800000,2026-06-28 06:40:00,1566.23,1567.22,1566.07,1566.19,109.23689999999999,171147.337642,24038465687,0,0,0,0,0
1782629100000,2026-06-28 06:45:00,1566.19,1567.0,1565.59,1566.64,113.1441,177222.00397,24038613671,0,0,0,0,0
1782629400000,2026-06-28 06:50:00,1566.64,1568.29,1566.52,1567.87,213.6054,334763.148016,24038774925,0,0,0,0,0
1782629700000,2026-06-28 06:55:00,1567.87,1567.87,1566.61,1566.61,150.3462,235610.275082,24038923856,0,0,0,0,0
1782630000000,2026-06-28 07:00:00,1566.61,1572.72,1566.54,1570.22,334.03679999999997,524653.43016,24039222044,0,0,0,0,0
1782630300000,2026-06-28 07:05:00,1570.22,1570.82,1569.69,1570.13,311.3281,488829.58100099995,24039395750,0,0,0,0,0
1782630600000,2026-06-28 07:10:00,1570.13,1572.1,1570.13,1571.62,57.2174,89915.940946,24039569446,0,0,0,0,0
1782630900000,2026-06-28 07:15:00,1571.62,1571.83,1570.79,1571.01,102.7615,161461.426638,24039719371,0,0,0,0,0
1782631200000,2026-06-28 07:20:00,1571.01,1571.69,1570.6,1570.87,262.6447,412574.80924800003,24039855919,0,0,0,0,0
1782631500000,2026-06-28 07:25:00,1570.87,1570.98,1569.89,1570.03,107.9811,169555.865013,24040003594,0,0,0,0,0
1782631800000,2026-06-28 07:30:00,1570.03,1571.08,1569.75,1570.66,151.4596,237854.13782499998,24040159049,0,0,0,0,0
1782632100000,2026-06-28 07:35:00,1570.66,1574.43,1570.52,1573.73,173.918,273538.453283,24040406164,0,0,0,0,0
1782632400000,2026-06-28 07:40:00,1573.73,1575.08,1573.53,1573.99,1096.5409,1726840.626853,24040610403,0,0,0,0,0
1782632700000,2026-06-28 07:45:00,1573.99,1575.81,1573.51,1575.15,107.60589999999999,169431.866892,24040811143,0,0,0,0,0
1782633000000,2026-06-28 07:50:00,1575.15,1575.83,1573.59,1574.25,117.9299,185658.095087,24041007007,0,0,0,0,0
1782633300000,2026-06-28 07:55:00,1574.25,1575.1,1574.02,1574.88,93.053,146500.79381899998,24041159579,0,0,0,0,0
1782633600000,2026-06-28 08:00:00,1574.88,1577.65,1574.13,1574.7,462.6784,728961.460856,24041370558,0,0,0,0,0
1782633900000,2026-06-28 08:05:00,1574.7,1574.7,1572.44,1572.67,148.1462,233091.74450700002,24041556161,0,0,0,0,0
1782634200000,2026-06-28 08:10:00,1572.67,1573.84,1572.6,1573.65,159.4204,250781.689522,24041686873,0,0,0,0,0
1782634500000,2026-06-28 08:15:00,1573.65,1575.17,1573.09,1573.52,146.8271,231101.950285,24041863292,0,0,0,0,0
1782634800000,2026-06-28 08:20:00,1573.52,1575.45,1573.51,1574.3,86.0705,135518.612732,24042029951,0,0,0,0,0
1782635100000,2026-06-28 08:25:00,1574.3,1574.65,1573.82,1574.08,52.0209,81885.347817,24042161776,0,0,0,0,0
1782635400000,2026-06-28 08:30:00,1574.08,1575.82,1574.0,1575.82,93.31469999999999,146930.234212,24042310427,0,0,0,0,0
1782635700000,2026-06-28 08:35:00,1575.82,1584.27,1574.71,1582.25,1385.2967999999998,2188591.443014,24042673070,0,0,0,0,0
1782636000000,2026-06-28 08:40:00,1582.25,1584.34,1580.09,1580.99,284.6459,450250.546574,24042990741,0,0,0,0,0
1782636300000,2026-06-28 08:45:00,1580.99,1583.19,1580.23,1581.4,301.18330000000003,476211.86845500005,24043283547,0,0,0,0,0
1782636600000,2026-06-28 08:50:00,1581.4,1582.46,1580.89,1581.59,181.9891,287856.046798,24043482135,0,0,0,0,0
1782636900000,2026-06-28 08:55:00,1581.59,1582.56,1580.19,1580.23,172.0979,272123.959143,24043668179,0,0,0,0,0
1782637200000,2026-06-28 09:00:00,1580.23,1581.27,1578.88,1579.42,169.34890000000001,267596.84389899997,24043896252,0,0,0,0,0
1782637500000,2026-06-28 09:05:00,1579.42,1582.52,1579.42,1582.29,140.25719999999998,221798.435984,24044090948,0,0,0,0,0
1782637800000,2026-06-28 09:10:00,1582.29,1585.0,1581.52,1581.72,305.6401,483942.83431500004,24044302746,0,0,0,0,0
1782638100000,2026-06-28 09:15:00,1581.72,1582.23,1580.86,1581.01,225.0679,355919.277488,24044470187,0,0,0,0,0
1782638400000,2026-06-28 09:20:00,1581.01,1581.38,1580.07,1581.14,127.9085,202200.89423,24044627906,0,0,0,0,0
1782638700000,2026-06-28 09:25:00,1581.14,1581.46,1580.29,1580.93,128.1534,202589.759403,24044777252,0,0,0,0,0
1782639000000,2026-06-28 09:30:00,1580.93,1582.03,1580.26,1581.77,109.19409999999999,172630.955773,24044940339,0,0,0,0,0
1782639300000,2026-06-28 09:35:00,1581.77,1582.19,1580.65,1581.12,58.021499999999996,91737.283005,24045079027,0,0,0,0,0
1782639600000,2026-06-28 09:40:00,1581.12,1583.55,1581.08,1582.58,132.7489,210067.220307,24045240423,0,0,0,0,0
1782639900000,2026-06-28 09:45:00,1582.58,1583.42,1579.63,1579.71,127.145,201109.015629,24045408520,0,0,0,0,0
1782640200000,2026-06-28 09:50:00,1579.71,1579.79,1577.54,1579.27,138.2844,218322.318531,24045619295,0,0,0,0,0
1782640500000,2026-06-28 09:55:00,1579.27,1579.54,1577.53,1578.03,542.3353,855718.019779,24045808766,0,0,0,0,0
1782640800000,2026-06-28 10:00:00,1578.03,1579.25,1576.79,1577.45,158.1443,249584.676041,24046000178,0,0,0,0,0
1782641100000,2026-06-28 10:05:00,1577.45,1577.71,1576.0,1576.78,354.8784,559648.3100040001,24046181376,0,0,0,0,0
1782641400000,2026-06-28 10:10:00,1576.78,1580.81,1576.38,1579.77,549.8655,868824.4339000001,24046353323,0,0,0,0,0
1782641700000,2026-06-28 10:15:00,1579.77,1580.13,1577.19,1577.41,514.518,811887.620921,24046528197,0,0,0,0,0
1782642000000,2026-06-28 10:20:00,1577.41,1577.65,1575.38,1575.38,96.6222,152341.71894299999,24046698397,0,0,0,0,0
1782642300000,2026-06-28 10:25:00,1575.38,1575.52,1571.44,1572.77,576.9611000000001,907251.337406,24046961914,0,0,0,0,0
1782642600000,2026-06-28 10:30:00,1572.77,1574.35,1572.77,1574.25,881.3612999999999,1386962.9628340001,24047149643,0,0,0,0,0
1782642900000,2026-06-28 10:35:00,1574.25,1574.37,1572.78,1573.87,678.7818,1068238.482094,24047332524,0,0,0,0,0
1782643200000,2026-06-28 10:40:00,1573.87,1575.2,1573.87,1574.78,955.9909,1505274.7658550004,24047494948,0,0,0,0,0
1782643500000,2026-06-28 10:45:00,1574.78,1575.52,1574.6,1575.3,265.11129999999997,417628.025975,24047647601,0,0,0,0,0
1782643800000,2026-06-28 10:50:00,1575.3,1576.59,1575.02,1576.52,132.9739,209569.212341,24047808573,0,0,0,0,0
1782644100000,2026-06-28 10:55:00,1576.52,1576.66,1576.04,1576.25,392.1488,618127.893839,24047924557,0,0,0,0,0
1782644400000,2026-06-28 11:00:00,1576.25,1580.16,1576.21,1578.78,2328.0363,3672969.7144190003,24048162147,0,0,0,0,0
1782644700000,2026-06-28 11:05:00,1578.78,1578.78,1574.87,1575.19,242.33319999999998,382111.288948,24048366463,0,0,0,0,0
1782645000000,2026-06-28 11:10:00,1575.19,1576.08,1574.83,1575.72,70.65090000000001,111318.01568699999,24048512889,0,0,0,0,0
1782645300000,2026-06-28 11:15:00,1575.72,1577.6,1574.94,1577.45,131.6182,207467.093636,24048684092,0,0,0,0,0
1782645600000,2026-06-28 11:20:00,1577.45,1582.0,1577.25,1579.67,915.4861999999998,1447225.1047359998,24048950312,0,0,0,0,0
1782645900000,2026-06-28 11:25:00,1579.67,1582.54,1579.67,1580.97,949.2402999999998,1501538.4975929994,24049162171,0,0,0,0,0
1782646200000,2026-06-28 11:30:00,1580.97,1581.58,1579.9,1580.56,97.833,154650.657148,24049347197,0,0,0,0,0
1782646500000,2026-06-28 11:35:00,1580.56,1580.91,1578.13,1580.69,167.9305,265260.959117,24049516654,0,0,0,0,0
1782646800000,2026-06-28 11:40:00,1580.69,1580.92,1579.69,1580.39,398.9766,630499.332312,24049681102,0,0,0,0,0
1782647100000,2026-06-28 11:45:00,1580.39,1581.59,1579.45,1579.86,173.1701,273656.100031,24049877059,0,0,0,0,0
1782647400000,2026-06-28 11:50:00,1579.86,1583.19,1579.41,1582.75,422.11979999999994,668023.5023120001,24050076633,0,0,0,0,0
1782647700000,2026-06-28 11:55:00,1582.75,1582.91,1581.4,1582.0,154.0797,243745.683081,24050259749,0,0,0,0,0
1782648000000,2026-06-28 12:00:00,1582.0,1582.04,1580.55,1581.31,70.0229,110716.942954,24050439288,0,0,0,0,0
1782648300000,2026-06-28 12:05:00,1581.31,1582.96,1580.71,1580.71,114.441,181030.732461,24050631624,0,0,0,0,0
1782648600000,2026-06-28 12:10:00,1580.71,1581.17,1579.93,1580.6,161.7578,255668.51829,24050793945,0,0,0,0,0
1782648900000,2026-06-28 12:15:00,1580.6,1582.03,1577.13,1577.86,520.7099999999999,822216.7650959999,24051031018,0,0,0,0,0
1782649200000,2026-06-28 12:20:00,1577.86,1579.93,1577.47,1579.77,152.0491,240076.93248,24051190271,0,0,0,0,0
1782649500000,2026-06-28 12:25:00,1579.77,1584.0,1579.26,1583.56,384.0702,607607.307439,24051376631,0,0,0,0,0
1782649800000,2026-06-28 12:30:00,1583.56,1587.5,1582.3,1583.03,493.6298,782352.416322,24051683707,0,0,0,0,0
1782650100000,2026-06-28 12:35:00,1583.03,1583.03,1579.46,1580.35,162.6549,257103.99362300002,24051918858,0,0,0,0,0
1782650400000,2026-06-28 12:40:00,1580.35,1580.92,1578.14,1579.45,101.5568,160409.105393,24052132047,0,0,0,0,0
1782650700000,2026-06-28 12:45:00,1579.45,1582.03,1579.36,1581.55,96.423,152419.018735,24052312586,0,0,0,0,0
1782651000000,2026-06-28 12:50:00,1581.55,1582.99,1581.27,1582.32,77.8147,123110.753255,24052481828,0,0,0,0,0
1782651300000,2026-06-28 12:55:00,1582.32,1583.21,1582.09,1582.51,292.575,463022.56583,24052630852,0,0,0,0,0
1782651600000,2026-06-28 13:00:00,1582.51,1582.72,1573.85,1574.76,731.3648,1154451.446608,24052975481,0,0,0,0,0
1782651900000,2026-06-28 13:05:00,1574.76,1577.44,1573.94,1575.72,296.1211,466601.308971,24053270083,0,0,0,0,0
1782652200000,2026-06-28 13:10:00,1575.72,1579.89,1575.47,1579.34,178.621,281783.074043,24053492817,0,0,0,0,0
1782652500000,2026-06-28 13:15:00,1579.34,1579.83,1577.26,1578.14,187.0698,295245.301388,24053699190,0,0,0,0,0
1782652800000,2026-06-28 13:20:00,1578.14,1580.53,1577.9,1580.22,115.2611,182064.235534,24053896542,0,0,0,0,0
1782653100000,2026-06-28 13:25:00,1580.22,1581.21,1578.47,1579.52,187.99300000000002,296860.395991,24054072900,0,0,0,0,0
1782653400000,2026-06-28 13:30:00,1579.52,1582.37,1578.98,1580.9,227.9303,360438.07845,24054284316,0,0,0,0,0
1782653700000,2026-06-28 13:35:00,1580.9,1581.62,1580.12,1580.33,165.6327,261827.363882,24054469671,0,0,0,0,0
1782654000000,2026-06-28 13:40:00,1580.33,1582.1,1577.28,1581.49,609.0241,962264.6911,24054706895,0,0,0,0,0
1782654300000,2026-06-28 13:45:00,1581.49,1582.12,1580.13,1580.58,199.1114,314814.483565,24054905854,0,0,0,0,0
1782654600000,2026-06-28 13:50:00,1580.58,1581.76,1580.1,1580.81,121.8169,192570.125385,24055071352,0,0,0,0,0
1782654900000,2026-06-28 13:55:00,1580.81,1580.82,1578.41,1578.57,440.76379999999995,696118.39607,24055248215,0,0,0,0,0
1782655200000,2026-06-28 14:00:00,1578.57,1580.27,1577.99,1579.16,121.98349999999999,192602.896599,24055435979,0,0,0,0,0
1782655500000,2026-06-28 14:05:00,1579.16,1580.64,1577.02,1580.51,152.5541,240909.70693800002,24055679623,0,0,0,0,0
1782655800000,2026-06-28 14:10:00,1580.51,1581.67,1579.73,1581.19,130.6752,206584.721351,24055870908,0,0,0,0,0
1782656100000,2026-06-28 14:15:00,1581.19,1585.13,1578.77,1583.82,170.1243,269065.202079,24056095167,0,0,0,0,0
1782656400000,2026-06-28 14:20:00,1583.82,1584.59,1580.22,1581.06,187.4868,296699.076128,24056360246,0,0,0,0,0
1782656700000,2026-06-28 14:25:00,1581.06,1581.76,1579.35,1581.16,78.84169999999999,124593.44415499999,24056560372,0,0,0,0,0
1782657000000,2026-06-28 14:30:00,1581.16,1583.36,1579.95,1582.17,84.7145,133993.68132,24056796278,0,0,0,0,0
1782657300000,2026-06-28 14:35:00,1582.17,1583.15,1580.59,1582.27,54.6422,86441.760192,24056995061,0,0,0,0,0
1782657600000,2026-06-28 14:40:00,1582.27,1582.7,1581.04,1582.33,82.3209,130224.874678,24057157133,0,0,0,0,0
1782657900000,2026-06-28 14:45:00,1582.33,1585.22,1581.35,1582.95,96.8241,153271.032625,24057386906,0,0,0,0,0
1782658200000,2026-06-28 14:50:00,1582.95,1583.52,1579.91,1580.21,159.7157,252699.884199,24057591806,0,0,0,0,0
1782658500000,2026-06-28 14:55:00,1580.21,1581.28,1580.15,1580.51,64.4519,101891.592641,24057773174,0,0,0,0,0
1782658800000,2026-06-28 15:00:00,1580.51,1583.47,1578.57,1583.0,123.6816,195571.614518,24057998972,0,0,0,0,0
1782659100000,2026-06-28 15:05:00,1583.0,1583.81,1577.57,1578.21,106.05,167596.295564,24058276570,0,0,0,0,0
1782659400000,2026-06-28 15:10:00,1578.21,1582.88,1576.36,1582.41,145.1321,229188.079175,24058565785,0,0,0,0,0
1782659700000,2026-06-28 15:15:00,1582.41,1584.34,1579.59,1581.27,886.6149,1402380.893892,24058830977,0,0,0,0,0
1782660000000,2026-06-28 15:20:00,1581.27,1582.12,1580.44,1581.91,151.9668,240300.971454,24059021979,0,0,0,0,0
1782660300000,2026-06-28 15:25:00,1581.91,1582.89,1581.24,1581.63,109.6136,173394.03628200002,24059198344,0,0,0,0,0
1782660600000,2026-06-28 15:30:00,1581.63,1583.36,1580.36,1583.18,381.93,603966.290941,24059429015,0,0,0,0,0
1782660900000,2026-06-28 15:35:00,1583.18,1583.83,1578.61,1579.78,213.9752,338223.893789,24059690707,0,0,0,0,0
1782661200000,2026-06-28 15:40:00,1579.78,1581.21,1578.89,1580.95,100.3711,158591.299814,24059858247,0,0,0,0,0
1782661500000,2026-06-28 15:45:00,1580.95,1580.95,1578.03,1578.61,111.8826,176673.181845,24060055536,0,0,0,0,0
1782661800000,2026-06-28 15:50:00,1578.61,1582.39,1576.15,1577.95,177.0982,279557.700364,24060334806,0,0,0,0,0
1782662100000,2026-06-28 15:55:00,1577.95,1580.04,1577.55,1579.94,150.8393,238159.326767,24060540231,0,0,0,0,0
1782662400000,2026-06-28 16:00:00,1579.94,1581.14,1578.43,1579.5,174.0469,274976.292222,24060801499,0,0,0,0,0
1782662700000,2026-06-28 16:05:00,1579.5,1580.18,1576.35,1577.37,159.5302,251846.9371,24061037750,0,0,0,0,0
1782663000000,2026-06-28 16:10:00,1577.37,1578.86,1576.76,1577.49,200.4238,316193.317559,24061262374,0,0,0,0,0
1782663300000,2026-06-28 16:15:00,1577.49,1579.16,1576.04,1578.5,167.0936,263684.784675,24061503917,0,0,0,0,0
1782663600000,2026-06-28 16:20:00,1578.5,1578.92,1576.1,1576.1,297.0036,468392.47207400005,24061722487,0,0,0,0,0
1782663900000,2026-06-28 16:25:00,1576.1,1576.49,1572.23,1575.59,1166.4879,1836175.261133,24062065134,0,0,0,0,0
1782664200000,2026-06-28 16:30:00,1575.59,1576.11,1566.52,1569.24,596.7322,937110.0730140001,24062448036,0,0,0,0,0
1782664500000,2026-06-28 16:35:00,1569.24,1571.54,1567.67,1568.94,497.1525,780307.8473660001,24062796273,0,0,0,0,0
1782664800000,2026-06-28 16:40:00,1568.94,1571.13,1566.33,1567.2,340.4458,534060.1767450001,24063106692,0,0,0,0,0
1782665100000,2026-06-28 16:45:00,1567.2,1571.39,1565.5,1570.13,536.8122999999999,841906.827783,24063428079,0,0,0,0,0
1782665400000,2026-06-28 16:50:00,1570.13,1570.88,1568.83,1570.57,310.4802,487361.437922,24063653264,0,0,0,0,0
1782665700000,2026-06-28 16:55:00,1570.57,1572.53,1570.01,1572.02,339.9883,534321.593077,24063847455,0,0,0,0,0
1782666000000,2026-06-28 17:00:00,1572.02,1573.59,1571.33,1572.46,391.8348,616201.671532,24064091636,0,0,0,0,0
1782666300000,2026-06-28 17:05:00,1572.46,1576.68,1571.83,1572.74,775.8995,1221325.340056,24064397230,0,0,0,0,0
1782666600000,2026-06-28 17:10:00,1572.74,1572.87,1567.1,1569.82,538.7264,845712.480262,24064663805,0,0,0,0,0
1782666900000,2026-06-28 17:15:00,1569.82,1570.75,1568.26,1568.93,551.591,865835.710432,24064891580,0,0,0,0,0
1782667200000,2026-06-28 17:20:00,1568.93,1570.37,1568.34,1569.38,281.2151,441368.110354,24065090312,0,0,0,0,0
1782667500000,2026-06-28 17:25:00,1569.38,1569.38,1566.15,1566.86,177.6832,278551.51243299997,24065283977,0,0,0,0,0
1782667800000,2026-06-28 17:30:00,1566.86,1569.99,1565.22,1568.16,241.5554,378759.078467,24065516178,0,0,0,0,0
1782668100000,2026-06-28 17:35:00,1568.16,1568.29,1562.63,1564.91,690.7406,1080397.869452,24065879873,0,0,0,0,0
1782668400000,2026-06-28 17:40:00,1564.91,1569.12,1564.74,1568.36,2592.4955,4065728.566214999,24066153239,0,0,0,0,0
1782668700000,2026-06-28 17:45:00,1568.36,1570.12,1567.63,1568.73,464.0363,728026.985345,24066364893,0,0,0,0,0
1782669000000,2026-06-28 17:50:00,1568.73,1572.79,1568.73,1570.7,370.978,582536.148376,24066574354,0,0,0,0,0
1782669300000,2026-06-28 17:55:00,1570.7,1572.51,1570.7,1571.59,175.6914,276171.394017,24066752763,0,0,0,0,0
1782669600000,2026-06-28 18:00:00,1571.59,1574.48,1570.8,1573.08,322.8303,507713.479699,24067022556,0,0,0,0,0
1782669900000,2026-06-28 18:05:00,1573.08,1574.37,1571.8,1573.56,206.84789999999998,325417.15599400003,24067214870,0,0,0,0,0
1782670200000,2026-06-28 18:10:00,1573.56,1573.69,1572.3,1572.67,96.3447,151550.034676,24067369723,0,0,0,0,0
1782670500000,2026-06-28 18:15:00,1572.67,1572.92,1570.51,1571.43,1891.3818999999999,2973633.468938,24067570845,0,0,0,0,0
1782670800000,2026-06-28 18:20:00,1571.43,1572.19,1570.37,1571.47,163.50130000000001,256868.03816999999,24067737549,0,0,0,0,0
1782671100000,2026-06-28 18:25:00,1571.47,1572.84,1568.61,1569.27,214.2791,336570.806756,24067935682,0,0,0,0,0
1782671400000,2026-06-28 18:30:00,1569.27,1570.54,1568.97,1569.07,80.93130000000001,127020.651747,24068122647,0,0,0,0,0
1782671700000,2026-06-28 18:35:00,1569.07,1570.72,1568.23,1569.75,183.4638,287974.502517,24068297019,0,0,0,0,0
1782672000000,2026-06-28 18:40:00,1569.75,1572.21,1569.75,1570.26,251.8597,395659.517248,24068466447,0,0,0,0,0
1782672300000,2026-06-28 18:45:00,1570.26,1571.66,1568.18,1569.01,223.6882,351125.949415,24068646155,0,0,0,0,0
1782672600000,2026-06-28 18:50:00,1569.01,1571.18,1569.01,1570.0,1738.2491,2729553.192494,24068830152,0,0,0,0,0
1782672900000,2026-06-28 18:55:00,1570.0,1571.89,1569.31,1570.72,1078.8614,1694765.208255,24069001607,0,0,0,0,0
1782673200000,2026-06-28 19:00:00,1570.72,1570.9,1566.53,1567.83,400.8631,628961.015275,24069218599,0,0,0,0,0
1782673500000,2026-06-28 19:05:00,1567.83,1569.8,1567.05,1569.65,2340.0153,3669943.231712,24069377539,0,0,0,0,0
1782673800000,2026-06-28 19:10:00,1569.65,1569.77,1568.41,1568.95,188.6233,295961.506032,24069526359,0,0,0,0,0
1782674100000,2026-06-28 19:15:00,1568.95,1569.46,1567.4,1567.81,249.9875,392202.384367,24069711717,0,0,0,0,0
1782674400000,2026-06-28 19:20:00,1567.81,1569.61,1566.82,1568.77,248.2717,389187.373703,24069905138,0,0,0,0,0
1782674700000,2026-06-28 19:25:00,1568.77,1569.73,1568.63,1569.67,106.5397,167168.859075,24070060408,0,0,0,0,0
1782675000000,2026-06-28 19:30:00,1569.67,1573.74,1569.34,1571.76,192.4762,302530.191257,24070285741,0,0,0,0,0
1782675300000,2026-06-28 19:35:00,1571.76,1571.76,1567.1,1568.04,326.7482,512459.577395,24070542172,0,0,0,0,0
1782675600000,2026-06-28 19:40:00,1568.04,1568.23,1566.65,1567.25,325.4688,510115.668161,24070723308,0,0,0,0,0
1782675900000,2026-06-28 19:45:00,1567.25,1567.43,1555.67,1558.72,1592.8781999999999,2484824.353554,24071111046,0,0,0,0,0
1782676200000,2026-06-28 19:50:00,1558.72,1564.65,1557.48,1564.14,448.9631,700272.719277,24071413269,0,0,0,0,0
1782676500000,2026-06-28 19:55:00,1564.14,1564.83,1562.48,1563.72,233.8576,365603.873726,24071628687,0,0,0,0,0
1782676800000,2026-06-28 20:00:00,1563.72,1566.74,1563.34,1565.81,426.1809,667170.264335,24071853270,0,0,0,0,0
1782677100000,2026-06-28 20:05:00,1565.81,1566.95,1565.01,1565.75,207.0553,324246.050566,24072014964,0,0,0,0,0
1782677400000,2026-06-28 20:10:00,1565.75,1572.81,1565.75,1571.91,774.5092,1214684.312218,24072256207,0,0,0,0,0
1782677700000,2026-06-28 20:15:00,1571.91,1575.46,1571.15,1572.65,402.5009,633281.671785,24072498638,0,0,0,0,0
1782678000000,2026-06-28 20:20:00,1572.65,1574.87,1571.42,1573.91,3362.4666,5288915.4216,24072736516,0,0,0,0,0
1782678300000,2026-06-28 20:25:00,1573.91,1575.62,1572.64,1573.27,791.4376,1245601.718137,24072963071,0,0,0,0,0
1782678600000,2026-06-28 20:30:00,1573.27,1574.21,1572.69,1572.83,232.2413,365418.667266,24073142942,0,0,0,0,0
1782678900000,2026-06-28 20:35:00,1572.83,1573.48,1571.19,1572.82,531.9609,836354.173918,24073368847,0,0,0,0,0
1782679200000,2026-06-28 20:40:00,1572.82,1573.42,1571.6,1571.91,485.1748,762874.134808,24073517679,0,0,0,0,0
1782679500000,2026-06-28 20:45:00,1571.91,1573.93,1570.98,1572.88,1626.5398,2557535.464946,24073696481,0,0,0,0,0
1782679800000,2026-06-28 20:50:00,1572.88,1572.96,1571.25,1571.97,4225.1854,6642351.7198990015,24073849833,0,0,0,0,0
1782680100000,2026-06-28 20:55:00,1571.97,1573.34,1571.97,1572.27,316.5675,497829.496072,24073981894,0,0,0,0,0
1782680400000,2026-06-28 21:00:00,1572.27,1572.45,1570.31,1570.41,2180.956,3426127.009465,24074138040,0,0,0,0,0
1782680700000,2026-06-28 21:05:00,1570.41,1572.25,1570.26,1571.02,3227.2839,5070451.081407,24074293614,0,0,0,0,0
1782681000000,2026-06-28 21:10:00,1571.02,1571.07,1567.83,1569.98,1020.0435,1601086.0437709999,24074475296,0,0,0,0,0
1782681300000,2026-06-28 21:15:00,1569.98,1570.6,1568.62,1570.6,644.7488999999999,1012076.98095,24074648288,0,0,0,0,0
1782681600000,2026-06-28 21:20:00,1570.6,1571.58,1568.58,1569.59,1683.2128,2642470.6545629995,24074820380,0,0,0,0,0
1782681900000,2026-06-28 21:25:00,1569.59,1570.71,1568.58,1569.67,600.5562,942763.63771,24074989060,0,0,0,0,0
1782682200000,2026-06-28 21:30:00,1569.67,1571.93,1569.4,1571.04,1202.632,1889144.5585480002,24075143160,0,0,0,0,0
1782682500000,2026-06-28 21:35:00,1571.04,1573.08,1569.51,1569.61,1876.5928,2949199.81628,24075310038,0,0,0,0,0
1782682800000,2026-06-28 21:40:00,1569.61,1570.59,1568.73,1569.08,1018.0094,1597816.455846,24075451188,0,0,0,0,0
1782683100000,2026-06-28 21:45:00,1569.08,1569.99,1559.5,1560.06,608.243,952078.993978,24075753508,0,0,0,0,0
1782683400000,2026-06-28 21:50:00,1560.06,1562.26,1558.03,1561.03,459.9701,717837.966888,24076040553,0,0,0,0,0
1782683700000,2026-06-28 21:55:00,1561.03,1562.96,1559.49,1562.77,953.4866,1488827.83914,24076262143,0,0,0,0,0
1782684000000,2026-06-28 22:00:00,1562.77,1580.72,1562.6,1575.99,2253.364,3542800.018375,24076854825,0,0,0,0,0
1782684300000,2026-06-28 22:05:00,1575.99,1580.8,1573.43,1573.46,1860.8787,2936271.2917730003,24077315902,0,0,0,0,0
1782684600000,2026-06-28 22:10:00,1573.46,1573.89,1569.51,1570.61,2584.4885999999997,4059673.0973189995,24077704242,0,0,0,0,0
1782684900000,2026-06-28 22:15:00,1570.61,1571.22,1559.39,1562.3,1699.4127,2660352.947154,24078126470,0,0,0,0,0
1782685200000,2026-06-28 22:20:00,1562.3,1571.0,1558.66,1568.26,2252.3032,3529928.5555649996,24078641256,0,0,0,0,0
1782685500000,2026-06-28 22:25:00,1568.26,1568.3,1563.44,1566.5,758.7852,1187896.617998,24079027843,0,0,0,0,0
1782685800000,2026-06-28 22:30:00,1566.5,1569.29,1562.54,1563.62,914.9258,1433297.370283,24079457894,0,0,0,0,0
1782686100000,2026-06-28 22:35:00,1563.62,1566.8,1562.68,1566.18,1076.9204,1685878.035782,24079786054,0,0,0,0,0
1782686400000,2026-06-28 22:40:00,1566.18,1566.18,1559.27,1560.04,513.7165,802969.963368,24080148356,0,0,0,0,0
1782686700000,2026-06-28 22:45:00,1560.04,1563.53,1559.32,1562.05,368.5459,575432.0933450001,24080508131,0,0,0,0,0
1782687000000,2026-06-28 22:50:00,1562.05,1562.05,1546.96,1551.92,1202.3923,1867981.2211149998,24080977413,0,0,0,0,0
1782687300000,2026-06-28 22:55:00,1551.92,1556.62,1551.92,1555.85,845.9679,1314784.617041,24081348491,0,0,0,0,0
1782687600000,2026-06-28 23:00:00,1555.85,1563.88,1554.11,1558.87,1576.808,2458949.422085,24081819714,0,0,0,0,0
1782687900000,2026-06-28 23:05:00,1558.87,1563.04,1557.24,1562.02,427.6183,667145.084338,24082202053,0,0,0,0,0
1782688200000,2026-06-28 23:10:00,1562.02,1564.44,1560.87,1560.87,557.4498,871151.459254,24082520199,0,0,0,0,0
1782688500000,2026-06-28 23:15:00,1560.87,1565.48,1559.77,1564.43,414.8754,648243.182225,24082845027,0,0,0,0,0
1782688800000,2026-06-28 23:20:00,1564.43,1566.14,1562.54,1565.65,184.99339999999998,289443.22553399997,24083153778,0,0,0,0,0
1782689100000,2026-06-28 23:25:00,1565.65,1570.41,1564.91,1569.18,859.173,1346059.395411,24083457837,0,0,0,0,0
1782689400000,2026-06-28 23:30:00,1569.18,1574.0,1568.47,1573.82,1519.3446999999999,2387898.031081,24083824593,0,0,0,0,0
1782689700000,2026-06-28 23:35:00,1573.82,1579.38,1572.87,1575.87,867.9359,1367983.244526,24084180395,0,0,0,0,0
1782690000000,2026-06-28 23:40:00,1575.87,1577.24,1574.51,1574.84,732.7061,1154472.972814,24084446436,0,0,0,0,0
1782690300000,2026-06-28 23:45:00,1574.84,1576.44,1573.07,1574.35,209.065,329241.048802,24084759483,0,0,0,0,0
1782690600000,2026-06-28 23:50:00,1574.35,1574.88,1571.52,1572.02,136.9033,215362.699833,24085017850,0,0,0,0,0
1782690900000,2026-06-28 23:55:00,1572.02,1572.31,1570.45,1571.01,417.1875,655580.953416,24085219990,0,0,0,0,0
1782691200000,2026-06-29 00:00:00,1571.01,1571.21,1564.76,1566.1,487.86,764617.704746,24085717786,0,0,0,0,0
1782691500000,2026-06-29 00:05:00,1566.1,1566.85,1561.78,1566.59,396.22589999999997,620077.960237,24086165240,0,0,0,0,0
1782691800000,2026-06-29 00:10:00,1566.59,1573.35,1566.49,1568.97,359.0646,563317.965071,24086560268,0,0,0,0,0
1782692100000,2026-06-29 00:15:00,1568.97,1569.56,1562.57,1564.94,576.0877,901563.794186,24087006625,0,0,0,0,0
1782692400000,2026-06-29 00:20:00,1564.94,1565.21,1558.37,1562.51,571.0765,891703.381065,24087448655,0,0,0,0,0
1782692700000,2026-06-29 00:25:00,1562.51,1563.86,1559.03,1559.03,491.0217,766628.998336,24087846644,0,0,0,0,0
1782693000000,2026-06-29 00:30:00,1559.03,1560.81,1550.94,1559.04,608.2521,946416.913843,24088386651,0,0,0,0,0
1782693300000,2026-06-29 00:35:00,1559.04,1559.14,1552.3,1555.0,442.6059,688180.873075,24088880090,0,0,0,0,0
1782693600000,2026-06-29 00:40:00,1555.0,1563.75,1554.87,1562.49,473.2343,738845.788186,24089331493,0,0,0,0,0
1782693900000,2026-06-29 00:45:00,1562.49,1562.49,1556.1,1560.28,321.8693,501769.575058,24089772711,0,0,0,0,0
1782694200000,2026-06-29 00:50:00,1560.28,1565.81,1560.15,1565.54,249.2653,389921.772931,24090202851,0,0,0,0,0
1782694500000,2026-06-29 00:55:00,1565.54,1573.94,1565.54,1572.29,504.9987,792905.938689,24090653440,0,0,0,0,0
1782694800000,2026-06-29 01:00:00,1572.29,1573.33,1565.19,1565.36,410.6427,644265.440168,24091143289,0,0,0,0,0
1782695100000,2026-06-29 01:05:00,1565.36,1570.73,1565.36,1567.86,260.1031,407913.142704,24091575973,0,0,0,0,0
1782695400000,2026-06-29 01:10:00,1567.86,1568.44,1565.08,1566.4,151.2926,237065.68497,24091960346,0,0,0,0,0
1782695700000,2026-06-29 01:15:00,1566.4,1567.92,1559.25,1562.07,383.3888,598981.895126,24092393995,0,0,0,0,0
1782696000000,2026-06-29 01:20:00,1562.07,1564.85,1560.23,1563.9,579.6667,905837.741344,24092796363,0,0,0,0,0
1782696300000,2026-06-29 01:25:00,1563.9,1566.77,1561.57,1561.84,712.9431,1115117.057997,24093181777,0,0,0,0,0
1782696600000,2026-06-29 01:30:00,1561.84,1565.55,1559.04,1561.13,451.3793,705366.758691,24093626920,0,0,0,0,0
1782696900000,2026-06-29 01:35:00,1561.13,1569.23,1560.77,1569.23,365.0679,571607.950231,24094111151,0,0,0,0,0
1782697200000,2026-06-29 01:40:00,1569.23,1572.86,1569.23,1571.35,808.2989,1269952.843604,24094523976,0,0,0,0,0
1782697500000,2026-06-29 01:45:00,1571.35,1572.47,1568.31,1571.63,658.94,1034500.531905,24094930354,0,0,0,0,0
1782697800000,2026-06-29 01:50:00,1571.63,1572.55,1567.73,1569.5,355.3974,558029.759704,24095308190,0,0,0,0,0
1782698100000,2026-06-29 01:55:00,1569.5,1570.12,1567.39,1567.43,549.7314,862281.717003,24095643886,0,0,0,0,0
1782698400000,2026-06-29 02:00:00,1567.43,1569.64,1565.01,1566.2,528.2135,827811.127907,24096084601,0,0,0,0,0
1782698700000,2026-06-29 02:05:00,1566.2,1567.41,1561.31,1561.83,291.5963,456054.265687,24096480576,0,0,0,0,0
1782699000000,2026-06-29 02:10:00,1561.83,1563.09,1549.72,1554.2,1011.0146,1572337.0269209999,24096968439,0,0,0,0,0
1782699300000,2026-06-29 02:15:00,1554.2,1560.53,1554.12,1558.22,526.2731,819443.380757,24097459512,0,0,0,0,0
1782699600000,2026-06-29 02:20:00,1558.22,1566.99,1558.21,1565.75,414.6248,648442.537456,24097907653,0,0,0,0,0
1782699900000,2026-06-29 02:25:00,1565.75,1574.02,1564.99,1571.82,586.0823,920574.488309,24098360473,0,0,0,0,0
1782700200000,2026-06-29 02:30:00,1571.82,1572.45,1568.62,1570.0,540.053,847881.225825,24098760133,0,0,0,0,0
1782700500000,2026-06-29 02:35:00,1570.0,1574.34,1568.57,1572.53,239.1641,375757.73046500003,24099137565,0,0,0,0,0
1782700800000,2026-06-29 02:40:00,1572.53,1577.67,1571.2,1575.63,562.1056,885251.643832,24099536722,0,0,0,0,0
1782701100000,2026-06-29 02:45:00,1575.63,1578.0,1574.72,1578.0,252.327,397605.180034,24099897267,0,0,0,0,0
1782701400000,2026-06-29 02:50:00,1578.0,1578.0,1575.06,1575.29,237.9191,375052.612494,24100214927,0,0,0,0,0
1782701700000,2026-06-29 02:55:00,1575.29,1577.4,1575.09,1575.85,181.1564,285504.425507,24100539560,0,0,0,0,0
1782702000000,2026-06-29 03:00:00,1575.85,1581.0,1575.85,1579.73,280.5051,442825.791858,24100941749,0,0,0,0,0
1782702300000,2026-06-29 03:05:00,1579.73,1587.3,1579.73,1584.16,1497.5135,2372833.1024519997,24101428660,0,0,0,0,0
1782702600000,2026-06-29 03:10:00,1584.16,1586.93,1581.85,1582.93,221.0805,350097.58806,24101809357,0,0,0,0,0
1782702900000,2026-06-29 03:15:00,1582.93,1583.49,1582.01,1583.24,241.209,381788.338645,24102117398,0,0,0,0,0
1782703200000,2026-06-29 03:20:00,1583.24,1585.66,1582.01,1584.94,80.6745,127785.415729,24102444471,0,0,0,0,0
1782703500000,2026-06-29 03:25:00,1584.94,1588.27,1583.72,1586.1,902.3274,1431919.237289,24102801945,0,0,0,0,0
1782703800000,2026-06-29 03:30:00,1586.1,1586.82,1582.21,1582.99,510.3688,808527.402504,24103145273,0,0,0,0,0
1782704100000,2026-06-29 03:35:00,1582.99,1583.51,1576.69,1578.31,704.0382,1112362.509638,24103497546,0,0,0,0,0
1782704400000,2026-06-29 03:40:00,1578.31,1578.95,1576.34,1577.23,419.1737,661259.5850579999,24103796669,0,0,0,0,0
1782704700000,2026-06-29 03:45:00,1577.23,1581.32,1576.51,1580.18,493.2082,778770.654202,24104128897,0,0,0,0,0
1782705000000,2026-06-29 03:50:00,1580.18,1584.33,1580.01,1582.73,377.0758,596609.593436,24104471726,0,0,0,0,0
1782705300000,2026-06-29 03:55:00,1582.73,1584.18,1581.3,1583.67,205.6238,325382.33766900003,24104751515,0,0,0,0,0
1782705600000,2026-06-29 04:00:00,1583.67,1584.09,1581.65,1581.78,203.3981,321889.483854,24105048287,0,0,0,0,0
1782705900000,2026-06-29 04:05:00,1581.78,1582.11,1579.41,1580.19,353.62469999999996,558932.112081,24105334192,0,0,0,0,0
1782706200000,2026-06-29 04:10:00,1580.19,1580.92,1578.77,1579.28,223.6446,353218.930825,24105586509,0,0,0,0,0
1782706500000,2026-06-29 04:15:00,1579.28,1581.73,1578.81,1579.22,325.0449,513514.842014,24105792212,0,0,0,0,0
1782706800000,2026-06-29 04:20:00,1579.22,1580.94,1577.79,1580.49,313.761,495399.714921,24106027290,0,0,0,0,0
1782707100000,2026-06-29 04:25:00,1580.49,1582.35,1580.31,1581.45,256.96999999999997,406339.228814,24106244654,0,0,0,0,0
1782707400000,2026-06-29 04:30:00,1581.45,1581.73,1579.13,1579.3,214.4168,338859.909024,24106466841,0,0,0,0,0
1782707700000,2026-06-29 04:35:00,1579.3,1580.01,1577.15,1577.33,1783.2254,2814517.222194,24106709163,0,0,0,0,0
1782708000000,2026-06-29 04:40:00,1577.33,1577.33,1574.12,1576.14,692.795,1091441.1389600001,24106983013,0,0,0,0,0
1782708300000,2026-06-29 04:45:00,1576.14,1576.31,1574.13,1575.71,239.5862,377444.501894,24107232937,0,0,0,0,0
1782708600000,2026-06-29 04:50:00,1575.71,1577.45,1574.8,1576.12,255.8763,403354.984032,24107470497,0,0,0,0,0
1782708900000,2026-06-29 04:55:00,1576.12,1576.12,1573.45,1574.47,255.895,402842.510181,24107687396,0,0,0,0,0
1782709200000,2026-06-29 05:00:00,1574.47,1575.69,1568.41,1568.9,380.767,598298.869594,24108052015,0,0,0,0,0
1782709500000,2026-06-29 05:05:00,1568.9,1568.9,1561.98,1566.4,658.8265,1030821.879244,24108533333,0,0,0,0,0
1782709800000,2026-06-29 05:10:00,1566.4,1567.56,1560.92,1565.82,580.597,908521.807603,24108959029,0,0,0,0,0
1782710100000,2026-06-29 05:15:00,1565.82,1570.99,1565.6,1567.38,496.7826,779010.054731,24109351161,0,0,0,0,0
1782710400000,2026-06-29 05:20:00,1567.38,1569.74,1567.29,1569.2,318.7951,500056.709167,24109686223,0,0,0,0,0
1782710700000,2026-06-29 05:25:00,1569.2,1570.88,1568.96,1569.36,171.2251,268802.936284,24110021598,0,0,0,0,0
1782711000000,2026-06-29 05:30:00,1569.36,1572.82,1567.78,1572.79,138.9849,218101.43716,24110443254,0,0,0,0,0
1782711300000,2026-06-29 05:35:00,1572.79,1573.87,1570.37,1571.69,191.70669999999998,301180.325771,24110779067,0,0,0,0,0
1782711600000,2026-06-29 05:40:00,1571.69,1578.58,1571.21,1577.27,258.7571,407473.014716,24111153518,0,0,0,0,0
1782711900000,2026-06-29 05:45:00,1577.27,1580.57,1576.45,1577.25,249.08689999999999,393038.80034,24111557731,0,0,0,0,0
1782712200000,2026-06-29 05:50:00,1577.25,1579.68,1576.85,1579.46,198.3774,313103.859002,24111906414,0,0,0,0,0
1782712500000,2026-06-29 05:55:00,1579.46,1582.29,1578.95,1582.18,262.5468,414951.146666,24112275463,0,0,0,0,0
1782712800000,2026-06-29 06:00:00,1582.18,1586.18,1582.15,1585.2,711.1342999999999,1126218.176581,24112708128,0,0,0,0,0
1782713100000,2026-06-29 06:05:00,1585.2,1585.72,1582.11,1584.76,415.332,657853.932319,24113079395,0,0,0,0,0
1782713400000,2026-06-29 06:10:00,1584.76,1584.89,1582.97,1584.39,80.1577,126959.584913,24113380695,0,0,0,0,0
1782713700000,2026-06-29 06:15:00,1584.39,1588.12,1583.6,1586.54,386.7943,613356.65266,24113773487,0,0,0,0,0
1782714000000,2026-06-29 06:20:00,1586.54,1586.57,1583.89,1584.6,97.4893,154546.81261300002,24114134144,0,0,0,0,0
1782714300000,2026-06-29 06:25:00,1584.6,1585.37,1582.0,1582.19,294.3262,466016.817096,24114460406,0,0,0,0,0
1782714600000,2026-06-29 06:30:00,1582.19,1583.74,1580.87,1581.39,579.491,916919.0261029999,24114762152,0,0,0,0,0
1782714900000,2026-06-29 06:35:00,1581.39,1581.41,1578.78,1579.1,319.2556,504325.57944,24115015695,0,0,0,0,0
1782715200000,2026-06-29 06:40:00,1579.1,1581.86,1579.1,1580.34,209.87199999999999,331702.800967,24115249171,0,0,0,0,0
1782715500000,2026-06-29 06:45:00,1580.34,1582.34,1579.76,1579.81,246.4979,389707.34047,24115499334,0,0,0,0,0
1782715800000,2026-06-29 06:50:00,1579.81,1582.74,1579.61,1582.08,356.5637,563796.100707,24115727894,0,0,0,0,0
1782716100000,2026-06-29 06:55:00,1582.08,1582.25,1580.61,1582.04,74.6464,118056.742512,24115943245,0,0,0,0,0
1782716400000,2026-06-29 07:00:00,1582.04,1582.26,1576.65,1579.99,458.9028,724544.229113,24116297612,0,0,0,0,0
1782716700000,2026-06-29 07:05:00,1579.99,1580.0,1578.43,1578.74,514.1912,812033.763923,24116560750,0,0,0,0,0
1782717000000,2026-06-29 07:10:00,1578.74,1580.7,1577.56,1580.51,265.7755,419566.37879499997,24116801765,0,0,0,0,0
1782717300000,2026-06-29 07:15:00,1580.51,1584.0,1578.66,1579.31,300.3619,474832.600561,24117106532,0,0,0,0,0
1782717600000,2026-06-29 07:20:00,1579.31,1580.11,1578.39,1579.66,407.08119999999997,642829.395729,24117341506,0,0,0,0,0
1782717900000,2026-06-29 07:25:00,1579.66,1582.05,1578.43,1580.22,360.2784000000001,569149.8836310001,24117575689,0,0,0,0,0
1782718200000,2026-06-29 07:30:00,1580.22,1580.73,1578.88,1579.68,297.1463,469338.753317,24117787217,0,0,0,0,0
1782718500000,2026-06-29 07:35:00,1579.68,1581.57,1579.31,1580.96,194.10270000000003,306788.269124,24118034703,0,0,0,0,0
1782718800000,2026-06-29 07:40:00,1580.96,1581.17,1578.91,1579.49,97.233,153609.884267,24118271560,0,0,0,0,0
1782719100000,2026-06-29 07:45:00,1579.49,1580.8,1578.92,1580.36,156.0995,246602.187041,24118518392,0,0,0,0,0
1782719400000,2026-06-29 07:50:00,1580.36,1582.07,1580.23,1580.79,265.332,419547.626849,24118794754,0,0,0,0,0
1782719700000,2026-06-29 07:55:00,1580.79,1581.25,1578.88,1578.96,2338.9523,3694352.928156,24119026922,0,0,0,0,0
1782720000000,2026-06-29 08:00:00,1578.96,1581.44,1577.71,1580.3,518.8639,819458.454813,24119426710,0,0,0,0,0
1782720300000,2026-06-29 08:05:00,1580.3,1580.4,1575.85,1578.68,358.1848,564877.5110589999,24119778588,0,0,0,0,0
1782720600000,2026-06-29 08:10:00,1578.68,1579.43,1577.59,1578.74,294.3271,464639.480025,24120088013,0,0,0,0,0
1782720900000,2026-06-29 08:15:00,1578.74,1581.42,1578.18,1578.61,1604.1861000000001,2532702.1367989997,24120435497,0,0,0,0,0
1782721200000,2026-06-29 08:20:00,1578.61,1578.85,1575.0,1576.06,2366.0855,3731334.296375,24120736538,0,0,0,0,0
1782721500000,2026-06-29 08:25:00,1576.06,1576.17,1571.99,1572.92,510.86389999999994,803862.5047200001,24121086950,0,0,0,0,0
1782721800000,2026-06-29 08:30:00,1572.92,1573.64,1569.38,1573.36,1080.3752,1697561.991464,24121433054,0,0,0,0,0
1782722100000,2026-06-29 08:35:00,1573.36,1576.02,1572.18,1574.6,789.9322000000001,1243763.858063,24121758294,0,0,0,0,0
1782722400000,2026-06-29 08:40:00,1574.6,1574.81,1570.88,1573.17,478.76160000000004,753286.391035,24122057386,0,0,0,0,0
1782722700000,2026-06-29 08:45:00,1573.17,1576.11,1572.83,1575.02,3106.3489999999997,4890623.737845,24122343794,0,0,0,0,0
1782723000000,2026-06-29 08:50:00,1575.02,1575.52,1573.18,1573.7,1505.1642,2369826.751894,24122583241,0,0,0,0,0
1782723300000,2026-06-29 08:55:00,1573.7,1573.7,1571.39,1572.31,421.2647,662727.661433,24122818725,0,0,0,0,0
1782723600000,2026-06-29 09:00:00,1572.31,1573.95,1571.53,1573.55,361.9943,569260.183287,24123101000,0,0,0,0,0
1782723900000,2026-06-29 09:05:00,1573.55,1573.65,1572.34,1573.16,130.9265,205970.954622,24123379707,0,0,0,0,0
1782724200000,2026-06-29 09:10:00,1573.16,1574.44,1572.01,1574.1,233.0397,366753.20209800004,24123645881,0,0,0,0,0
1782724500000,2026-06-29 09:15:00,1574.1,1579.88,1573.84,1576.37,398.4316,628360.295944,24124006051,0,0,0,0,0
1782724800000,2026-06-29 09:20:00,1576.37,1577.62,1572.93,1573.57,344.9264,543388.852993,24124281094,0,0,0,0,0
1782725100000,2026-06-29 09:25:00,1573.57,1577.13,1569.66,1576.0,807.6016,1271396.042031,24124644437,0,0,0,0,0
1782725400000,2026-06-29 09:30:00,1576.0,1577.52,1575.12,1576.09,155.799,245572.78759,24124942876,0,0,0,0,0
1782725700000,2026-06-29 09:35:00,1576.09,1576.09,1572.54,1573.94,243.9932,383992.658801,24125262194,0,0,0,0,0
1782726000000,2026-06-29 09:40:00,1573.94,1574.97,1572.93,1574.02,156.2077,245887.380666,24125540388,0,0,0,0,0
1782726300000,2026-06-29 09:45:00,1574.02,1576.53,1573.67,1575.02,127.21809999999999,200381.19782,24125776361,0,0,0,0,0
1782726600000,2026-06-29 09:50:00,1575.02,1575.93,1572.58,1574.27,373.574,588006.29099,24126104210,0,0,0,0,0
1782726900000,2026-06-29 09:55:00,1574.27,1576.23,1574.27,1575.61,112.1909,176753.95798,24126356106,0,0,0,0,0
1782727200000,2026-06-29 10:00:00,1575.61,1579.53,1575.54,1578.31,383.1885,604487.237495,24126653481,0,0,0,0,0
1782727500000,2026-06-29 10:05:00,1578.31,1584.53,1577.88,1584.35,652.1496,1031127.0535,24126938296,0,0,0,0,0
1782727800000,2026-06-29 10:10:00,1584.35,1586.11,1581.32,1583.03,1008.8285000000001,1598549.632201,24127244751,0,0,0,0,0
1782728100000,2026-06-29 10:15:00,1583.03,1583.58,1580.84,1583.09,251.1235,397304.89057,24127499243,0,0,0,0,0
1782728400000,2026-06-29 10:20:00,1583.09,1583.4,1580.07,1580.58,1563.7963,2472063.703016,24127737198,0,0,0,0,0
1782728700000,2026-06-29 10:25:00,1580.58,1580.98,1579.61,1580.61,1446.8314,2286565.173178,24127927009,0,0,0,0,0
1782729000000,2026-06-29 10:30:00,1580.61,1580.81,1578.3,1579.31,408.9358,645832.045082,24128184138,0,0,0,0,0
1782729300000,2026-06-29 10:35:00,1579.31,1579.72,1577.45,1578.72,482.3299,761131.64635,24128431564,0,0,0,0,0
1782729600000,2026-06-29 10:40:00,1578.72,1579.39,1577.77,1578.08,89.0174,140526.210094,24128636851,0,0,0,0,0
1782729900000,2026-06-29 10:45:00,1578.08,1578.67,1576.55,1576.96,1651.0371,2604281.006345,24128855371,0,0,0,0,0
1782730200000,2026-06-29 10:50:00,1576.96,1578.09,1576.36,1577.47,177.026,279261.832852,24129055106,0,0,0,0,0
1782730500000,2026-06-29 10:55:00,1577.47,1578.22,1577.08,1577.61,47.1733,74423.661181,24129234324,0,0,0,0,0
1782730800000,2026-06-29 11:00:00,1577.61,1578.32,1575.1,1575.98,271.71139999999997,428264.12823800003,24129507102,0,0,0,0,0
1782731100000,2026-06-29 11:05:00,1575.98,1576.13,1574.36,1575.74,133.793,210757.364806,24129725646,0,0,0,0,0
1782731400000,2026-06-29 11:10:00,1575.74,1575.74,1572.17,1572.17,337.9905,531745.715629,24129970391,0,0,0,0,0
1782731700000,2026-06-29 11:15:00,1572.17,1573.13,1569.62,1570.32,1569.9806,2466516.934191,24130222544,0,0,0,0,0
1782732000000,2026-06-29 11:20:00,1570.32,1571.12,1569.17,1571.12,118.7147,186426.13661699998,24130479145,0,0,0,0,0
1782732300000,2026-06-29 11:25:00,1571.12,1573.55,1571.12,1573.03,186.6771,293492.09867499996,24130723588,0,0,0,0,0
1782732600000,2026-06-29 11:30:00,1573.03,1581.17,1571.74,1574.51,1536.1725,2421845.871642,24131114316,0,0,0,0,0
1782732900000,2026-06-29 11:35:00,1574.51,1574.8,1569.64,1570.71,319.2056,501949.379764,24131396562,0,0,0,0,0
1782733200000,2026-06-29 11:40:00,1570.71,1573.3,1570.0,1571.19,243.3443,382426.134778,24131678376,0,0,0,0,0
1782733500000,2026-06-29 11:45:00,1571.19,1573.03,1570.23,1570.67,384.9875,605153.454964,24131945820,0,0,0,0,0
1782733800000,2026-06-29 11:50:00,1570.67,1572.08,1569.57,1570.12,183.5542,288286.909507,24132209403,0,0,0,0,0
1782734100000,2026-06-29 11:55:00,1570.12,1574.48,1570.0,1574.04,543.2135000000001,854295.953093,24132493076,0,0,0,0,0
1782734400000,2026-06-29 12:00:00,1574.04,1581.02,1565.97,1579.72,2555.9118,4022162.676406,24133165040,0,0,0,0,0
1782734700000,2026-06-29 12:05:00,1579.72,1591.0,1579.46,1584.34,3119.4741,4949719.363129,24133787970,0,0,0,0,0
1782735000000,2026-06-29 12:10:00,1584.34,1595.84,1582.96,1593.48,1731.2591,2755656.05577,24134348097,0,0,0,0,0
1782735300000,2026-06-29 12:15:00,1593.48,1595.99,1591.01,1593.14,1047.6415,1669780.6266680001,24134833603,0,0,0,0,0
1782735600000,2026-06-29 12:20:00,1593.14,1594.86,1586.63,1587.09,807.534,1284559.395115,24135261769,0,0,0,0,0
1782735900000,2026-06-29 12:25:00,1587.09,1590.28,1587.09,1589.73,364.2847,578822.084049,24135600236,0,0,0,0,0
1782736200000,2026-06-29 12:30:00,1589.73,1590.29,1586.46,1588.5,625.4799,992975.191191,24136000760,0,0,0,0,0
1782736500000,2026-06-29 12:35:00,1588.5,1589.39,1572.0,1573.36,2506.9258,3966382.883329,24136538798,0,0,0,0,0
1782736800000,2026-06-29 12:40:00,1573.36,1575.25,1570.89,1574.98,1107.9682,1743440.333197,24136981221,0,0,0,0,0
1782737100000,2026-06-29 12:45:00,1574.98,1578.93,1574.14,1574.6,2901.148099999999,4577136.402345999,24137358929,0,0,0,0,0
1782737400000,2026-06-29 12:50:00,1574.6,1576.8,1569.93,1574.88,851.8238,1339843.021824,24137750640,0,0,0,0,0
1782737700000,2026-06-29 12:55:00,1574.88,1576.04,1574.58,1575.45,356.5818,561718.4477670001,24138014481,0,0,0,0,0
1782738000000,2026-06-29 13:00:00,1575.45,1581.38,1575.41,1581.15,553.4418000000001,873754.442699,24138431040,0,0,0,0,0
1782738300000,2026-06-29 13:05:00,1581.15,1585.08,1579.2,1579.82,447.0986,707261.774543,24138805204,0,0,0,0,0
1782738600000,2026-06-29 13:10:00,1579.82,1588.11,1579.68,1584.29,953.2090000000001,1510343.70826,24139177359,0,0,0,0,0
1782738900000,2026-06-29 13:15:00,1584.29,1585.89,1583.88,1584.62,724.4906,1148050.626503,24139487142,0,0,0,0,0
1782739200000,2026-06-29 13:20:00,1584.62,1584.97,1578.52,1579.38,1328.8076000000024,2100304.9913210003,24139849369,0,0,0,0,0
1782739500000,2026-06-29 13:25:00,1579.38,1579.41,1574.48,1574.48,380.81290000000064,600640.6270860019,24140268269,0,0,0,0,0
1782739800000,2026-06-29 13:30:00,1574.48,1583.79,1569.0,1581.95,1813.4796000000097,2863059.2585269995,24141101338,0,0,0,0,0
1782740100000,2026-06-29 13:35:00,1581.95,1581.96,1570.87,1572.07,979.0452999999919,1542519.848030002,24141831864,0,0,0,0,0
1782740400000,2026-06-29 13:40:00,1572.07,1574.53,1565.53,1566.75,1686.5347000000124,2647435.6993939974,24142507152,0,0,0,0,0
1782740700000,2026-06-29 13:45:00,1566.75,1570.09,1563.76,1566.32,3011.683700000016,4718536.3789049955,24143219932,0,0,0,0,0
1782741000000,2026-06-29 13:50:00,1566.32,1574.28,1564.62,1569.0,1095.8584999999905,1719263.890131001,24143915664,0,0,0,0,0
1782741300000,2026-06-29 13:55:00,1569.0,1571.97,1564.76,1571.7,1351.6269000000184,2118530.049122002,24144613487,0,0,0,0,0
1782741600000,2026-06-29 14:00:00,1571.7,1572.46,1567.1,1570.15,1093.3507999999956,1715537.945812997,24145339451,0,0,0,0,0
1782741900000,2026-06-29 14:05:00,1570.15,1570.15,1559.8,1564.2,3474.3308999999845,5437082.341216996,24146053490,0,0,0,0,0
1782742200000,2026-06-29 14:10:00,1564.2,1566.61,1558.62,1559.41,1543.309099999999,2409282.4632039974,24146757002,0,0,0,0,0
1782742500000,2026-06-29 14:15:00,1559.41,1564.48,1556.25,1561.67,2771.6659000000045,4324737.364083991,24147560617,0,0,0,0,0
1782742800000,2026-06-29 14:20:00,1561.67,1564.8,1559.02,1563.88,1450.987500000004,2265041.505479998,24148278037,0,0,0,0,0
1782743100000,2026-06-29 14:25:00,1563.88,1572.58,1563.43,1570.47,758.6847999999927,1189396.1619810017,24148961190,0,0,0,0,0
1782743400000,2026-06-29 14:30:00,1570.47,1578.06,1567.15,1574.1,1116.5867999999966,1755962.4256040037,24149645352,0,0,0,0,0
1782743700000,2026-06-29 14:35:00,1574.1,1574.9,1571.38,1572.98,593.4127999999978,933728.684082,24150289694,0,0,0,0,0
1782744000000,2026-06-29 14:40:00,1572.98,1572.98,1566.06,1566.57,757.9672999999985,1190318.7902689995,24150959716,0,0,0,0,0
1782744300000,2026-06-29 14:45:00,1566.57,1568.74,1563.38,1567.15,601.1237999999989,941655.1690349998,24151634518,0,0,0,0,0
1782744600000,2026-06-29 14:50:00,1567.15,1574.81,1566.9,1573.27,1826.0391000000334,2867369.934861995,24152310663,0,0,0,0,0
1782744900000,2026-06-29 14:55:00,1573.27,1573.59,1568.78,1572.08,781.9142999999909,1229020.780469996,24152906840,0,0,0,0,0
1782745200000,2026-06-29 15:00:00,1572.08,1572.19,1564.5,1565.18,480.9525999999977,754289.0430889995,24153558745,0,0,0,0,0
1782745500000,2026-06-29 15:05:00,1565.18,1566.69,1561.53,1566.04,733.1842999999895,1146750.2945659983,24154207478,0,0,0,0,0
1782745800000,2026-06-29 15:10:00,1566.04,1567.79,1560.47,1564.86,1066.0374999999883,1666423.5184299988,24154844386,0,0,0,0,0
1782746100000,2026-06-29 15:15:00,1564.86,1569.44,1564.15,1568.45,480.13719999999535,752055.6210550024,24155433715,0,0,0,0,0
1782746400000,2026-06-29 15:20:00,1568.45,1568.45,1562.08,1564.74,691.997799999996,1082588.2116100015,24155994093,0,0,0,0,0
1782746700000,2026-06-29 15:25:00,1564.74,1573.18,1563.75,1573.18,610.9886999999883,957877.9502750003,24156535704,0,0,0,0,0
1782747000000,2026-06-29 15:30:00,1573.18,1577.75,1573.02,1573.63,790.6279999999929,1244972.4913919999,24157150749,0,0,0,0,0
1782747300000,2026-06-29 15:35:00,1573.63,1581.35,1572.5,1580.27,938.1443999999979,1481049.4479959982,24157694490,0,0,0,0,0
1782747600000,2026-06-29 15:40:00,1580.27,1580.98,1574.98,1578.14,1380.0132999999923,2176942.3728540055,24158184527,0,0,0,0,0
1782747900000,2026-06-29 15:45:00,1578.14,1578.53,1575.52,1577.3,1624.1366000000019,2561204.835230996,24158656338,0,0,0,0,0
1782748200000,2026-06-29 15:50:00,1577.3,1583.79,1575.59,1582.37,1324.7948000000013,2092949.9314010062,24159110551,0,0,0,0,0
1782748500000,2026-06-29 15:55:00,1582.37,1582.46,1578.51,1579.27,397.82439999999883,628518.8497149993,24159521189,0,0,0,0,0
1782748800000,2026-06-29 16:00:00,1579.27,1580.12,1578.14,1579.13,684.0945999999997,1080046.2123290012,24159954378,0,0,0,0,0
1782749100000,2026-06-29 16:05:00,1579.13,1582.85,1577.6,1577.6,1380.5811999999967,2181098.6026970022,24160415415,0,0,0,0,0
1782749400000,2026-06-29 16:10:00,1577.6,1579.7,1576.19,1576.76,388.4087000000006,612863.3550820004,24160850897,0,0,0,0,0
1782749700000,2026-06-29 16:15:00,1576.76,1579.28,1576.47,1578.75,371.2739,585698.0875520001,24161251845,0,0,0,0,0
1782750000000,2026-06-29 16:20:00,1578.75,1578.8,1575.22,1576.17,347.9069000000001,548479.4920219999,24161652840,0,0,0,0,0
1782750300000,2026-06-29 16:25:00,1576.17,1576.8,1572.87,1573.75,805.1185999999994,1267208.5131469995,24162054216,0,0,0,0,0
1782750600000,2026-06-29 16:30:00,1573.75,1577.28,1573.75,1576.37,403.74019999999985,636121.9301669995,24162469195,0,0,0,0,0
1782750900000,2026-06-29 16:35:00,1576.37,1580.37,1575.88,1580.18,270.36660000000074,426492.13577899965,24162845071,0,0,0,0,0
1782751200000,2026-06-29 16:40:00,1580.18,1585.86,1579.43,1584.29,807.523599999998,1278147.408275002,24163202002,0,0,0,0,0
1782751500000,2026-06-29 16:45:00,1584.29,1586.0,1582.06,1585.82,457.1345999999991,724264.7406989998,24163603793,0,0,0,0,0
1782751800000,2026-06-29 16:50:00,1585.82,1586.5,1581.53,1582.73,638.9164999999971,1011992.9370609985,24163980793,0,0,0,0,0
1782752100000,2026-06-29 16:55:00,1582.73,1585.47,1581.42,1584.42,228.57320000000124,362002.2481589998,24164285109,0,0,0,0,0
1782752400000,2026-06-29 17:00:00,1584.42,1589.5,1584.21,1589.22,1353.1053,2148556.6647070013,24164640628,0,0,0,0,0
1782752700000,2026-06-29 17:05:00,1589.22,1595.0,1589.22,1591.52,1120.5877000000141,1784312.46438601,24165059969,0,0,0,0,0
1782753000000,2026-06-29 17:10:00,1591.52,1617.19,1591.52,1615.53,3270.159299999998,5260342.077195,24165610239,0,0,0,0,0
1782753300000,2026-06-29 17:15:00,1615.53,1631.3,1615.53,1627.49,1983.7870999999652,3222543.6932129976,24166275467,0,0,0,0,0
1782753600000,2026-06-29 17:20:00,1627.49,1629.0,1619.34,1620.86,5486.127200000163,8890737.233816978,24166775286,0,0,0,0,0
1782753900000,2026-06-29 17:25:00,1620.86,1626.42,1620.17,1625.62,1024.3967000000048,1663542.8974209933,24167238483,0,0,0,0,0
1782754200000,2026-06-29 17:30:00,1625.62,1632.28,1623.26,1623.86,2129.4274999999607,3461662.2030419963,24167725391,0,0,0,0,0
1782754500000,2026-06-29 17:35:00,1623.86,1625.71,1621.24,1622.73,1685.1931999999551,2736545.847827002,24168130530,0,0,0,0,0
1782754800000,2026-06-29 17:40:00,1622.73,1630.65,1622.73,1630.06,531.9033,864689.916675,24168499294,0,0,0,0,0
1782755100000,2026-06-29 17:45:00,1630.06,1636.0,1628.08,1632.17,1530.1398,2497909.350104,24168921759,0,0,0,0,0
1782755400000,2026-06-29 17:50:00,1632.17,1632.36,1629.07,1630.11,486.46569999999997,793047.586425,24169294970,0,0,0,0,0
1782755700000,2026-06-29 17:55:00,1630.11,1631.35,1626.71,1627.06,324.4095,528355.259703,24169646011,0,0,0,0,0
1782756000000,2026-06-29 18:00:00,1627.06,1628.02,1623.28,1625.69,435.7578,708350.942834,24170054230,0,0,0,0,0
1782756300000,2026-06-29 18:05:00,1625.69,1627.0,1624.61,1625.63,566.4951,920780.259957,24170401892,0,0,0,0,0
1782756600000,2026-06-29 18:10:00,1625.63,1627.8,1625.17,1627.69,483.7736,787120.953939,24170693107,0,0,0,0,0
1782756900000,2026-06-29 18:15:00,1627.69,1627.7,1623.28,1626.42,486.65590000000003,791033.644785,24171038383,0,0,0,0,0
1782757200000,2026-06-29 18:20:00,1626.42,1627.89,1625.07,1625.72,495.98179999999996,806687.628606,24171363047,0,0,0,0,0
1782757500000,2026-06-29 18:25:00,1625.72,1625.77,1617.73,1618.18,639.5434,1037864.5936370001,24171722419,0,0,0,0,0
1782757800000,2026-06-29 18:30:00,1618.18,1621.0,1617.89,1620.46,828.4706,1341982.024713,24172085766,0,0,0,0,0
1782758100000,2026-06-29 18:35:00,1620.46,1623.0,1619.7,1622.22,476.3657,772297.555057,24172420779,0,0,0,0,0
1782758400000,2026-06-29 18:40:00,1622.22,1623.52,1621.03,1622.93,881.1936999999999,1429513.492355,24172712553,0,0,0,0,0
1782758700000,2026-06-29 18:45:00,1622.93,1623.13,1621.24,1621.24,590.736,958396.410869,24172991894,0,0,0,0,0
1782759000000,2026-06-29 18:50:00,1621.24,1621.24,1619.01,1620.0,1905.2367,3086336.081313,24173270183,0,0,0,0,0
1782759300000,2026-06-29 18:55:00,1620.0,1620.62,1619.42,1620.43,1867.3570999999995,3025116.129430999,24173515762,0,0,0,0,0
1782759600000,2026-06-29 19:00:00,1620.43,1620.99,1615.79,1616.88,470.8393,762150.248661,24173859370,0,0,0,0,0
1782759900000,2026-06-29 19:05:00,1616.88,1618.6,1616.76,1618.24,318.4235,515069.612849,24174190922,0,0,0,0,0
1782760200000,2026-06-29 19:10:00,1618.24,1619.92,1617.14,1617.62,427.5995,691837.246221,24174490235,0,0,0,0,0
1782760500000,2026-06-29 19:15:00,1617.62,1619.98,1616.76,1619.69,1048.8719,1697198.225356,24174808338,0,0,0,0,0
1782760800000,2026-06-29 19:20:00,1619.69,1625.49,1619.54,1623.5,1770.9021,2874340.846557,24175162434,0,0,0,0,0
1782761100000,2026-06-29 19:25:00,1623.5,1626.57,1622.01,1625.05,1018.7834,1654989.876954,24175492082,0,0,0,0,0
1782761400000,2026-06-29 19:30:00,1625.05,1625.41,1620.9,1621.03,826.8753,1342408.667817,24175830975,0,0,0,0,0
1782761700000,2026-06-29 19:35:00,1621.03,1623.2,1620.63,1622.55,806.2167000000001,1307709.3271769998,24176113383,0,0,0,0,0
1782762000000,2026-06-29 19:40:00,1622.55,1624.1,1621.39,1623.72,631.3941,1024513.249692,24176402340,0,0,0,0,0
1782762300000,2026-06-29 19:45:00,1623.72,1625.7,1623.21,1625.46,776.0267,1260649.091277,24176738820,0,0,0,0,0
1782762600000,2026-06-29 19:50:00,1625.46,1626.77,1623.25,1625.17,562.8548,914446.0810870001,24177160516,0,0,0,0,0
1782762900000,2026-06-29 19:55:00,1625.17,1626.9,1624.06,1624.94,568.3993999999999,923944.986074,24177568931,0,0,0,0,0
1782763200000,2026-06-29 20:00:00,1624.94,1626.02,1622.91,1623.34,449.2439,729728.327713,24177915290,0,0,0,0,0
1782763500000,2026-06-29 20:05:00,1623.34,1623.98,1621.53,1623.32,225.5672,366148.736211,24178167980,0,0,0,0,0
