trade_id,trade_id_str,tx_hash,type,market_id,size,price,usd_amount,ask_id,ask_id_str,bid_id,bid_id_str,ask_client_id,ask_client_id_str,bid_client_id,bid_client_id_str,ask_account_id,bid_account_id,is_maker_ask,block_height,timestamp,taker_position_size_before,taker_entry_quote_before,taker_initial_margin_fraction_before,maker_fee,maker_position_size_before,maker_entry_quote_before,maker_initial_margin_fraction_before,transaction_time,taker_allocated_margin_usdc_before,taker_allocated_margin_usdc_after,taker_fee,maker_position_sign_changed,taker_position_sign_changed,integrator_taker_fee,integrator_taker_fee_collector_index,timestamp_ms
24154098905,24154098905,30f2addeff4e74f012785ec8a2be8795f7a711368a99a15738123e730783afe9fe3419ec5bf56f36,trade,0,0.044,1564.57,68.84108,281477352310908,281477352310908,562947481959242,562947481959242,17827457406284,17827457406284,151061547194580,151061547194580,32778,702389,False,277732669,2026-06-29 15:09:00.919,2.5993,4089.285748,500,28.0,-78.0143,122352.886402,3333,1782745740942461,,,,,,,,1782745740919
24154098914,24154098914,a53c96e960591afec63bacf12edb6a2fd66737af3954cd40f43b8f03923a71963871c07362cbc33d,trade,0,0.037,1564.57,57.88909,281477352310910,281477352310910,562947481959242,562947481959242,17827457406327,17827457406327,151061547194580,151061547194580,674018,702389,False,277732669,2026-06-29 15:09:00.919,82.1329,129300.815002,500,28.0,-77.9703,122283.879476,3333,1782745740945145,,,,,,,,1782745740919
24154100793,24154100793,0000001761edc9490000019f13ed3a70000000000000000000000000000000000000000000000000,trade,0,0.0008,1564.75,1.2518,281477352311024,281477352311024,562947481959158,562947481959158,0,0,17827457000001,17827457000001,58761,724541,False,277732687,2026-06-29 15:09:01.936,-12.1906,24233.380995,400,,0.0000,0.000000,500,1782745741936868,,,,True,,,,1782745741936
24154101072,24154101072,a5b7a61bc6eafe14186e82e021f328d70f0ab846b68ade2b871c493d6ad5430ee2d6d58273deb3f1,trade,0,0.044,1564.69,68.84636,281477352311047,281477352311047,562947481959098,562947481959098,178274574176977,178274574176977,57172970969082,57172970969082,355760,702389,False,277732689,2026-06-29 15:09:02.024,68.0793,107127.881107,500,28.0,-77.7652,121962.213100,3333,1782745742083334,,,,,,,,1782745742024
24154101062,24154101062,0000001761edcd700000019f13ed3ac8000000000000000000000000000000000000000000000000,trade,0,0.0361,1564.69,56.485309,281477352311043,281477352311043,562947481959098,562947481959098,178274574176997,178274574176997,57172970969082,57172970969082,663258,702389,False,277732689,2026-06-29 15:09:02.024,40.2633,63393.182783,500,28.0,-77.9333,122225.850924,3333,1782745742083145,,,,,,,,1782745742024
24154101076,24154101076,1ead36c2d8016132c4017ae0c23dab1a200de31242b0b6a06290f8b2d2c7bb3fc764f050c60f4e31,trade,0,0.03,1564.69,46.9407,281477352311048,281477352311048,562947481959098,562947481959098,178274574176938,178274574176938,57172970969082,57172970969082,674018,702389,False,277732689,2026-06-29 15:09:02.024,82.0959,129242.566356,500,28.0,-77.7212,121893.206174,3333,1782745742083431,,,,,,,,1782745742024
24154101078,24154101078,516956e34e31b134a9602d9a4dd4cce65811260f26e6942bfb4f4bd9ddce1456f814d62108ad932f,trade,0,0.044,1564.69,68.84636,281477352311049,281477352311049,562947481959098,562947481959098,178274574176930,178274574176930,57172970969082,57172970969082,663270,702389,False,277732689,2026-06-29 15:09:02.024,48.9524,77031.805925,500,28.0,-77.6912,121846.155997,3333,1782745742083463,,,,,,,,1782745742024
24154101069,24154101069,0a6a29429e4f2c300a66761c8fb3c60244e2519fb35d34415b45718a9e652e64494ebfacf16ed2d6,trade,0,0.044,1564.69,68.84636,281477352311046,281477352311046,562947481959098,562947481959098,178274574176927,178274574176927,57172970969082,57172970969082,32778,702389,False,277732689,2026-06-29 15:09:02.024,2.5553,4020.063814,500,28.0,-77.8092,122031.220026,3333,1782745742083281,,,,,,,,1782745742024
24154101086,24154101086,f32a426632c70ff7423b46a82889de0c2265d3ec8f815279947a98b41bfc6a0a14bad35cd7d1c25a,trade,0,0.072,1564.69,112.65768,281477352311050,281477352311050,562947481959098,562947481959098,178274574176970,178274574176970,57172970969082,57172970969082,674018,702389,False,277732689,2026-06-29 15:09:02.024,82.0659,129195.337724,500,28.0,-77.6472,121777.149071,3333,1782745742085497,,,,,,,,1782745742024
24154101064,24154101064,dd968d08ea6f16d9ce43191263e89ab541887de00ba3750df8979a990bc7c2936915e30e741213ab,trade,0,0.044,1564.69,68.84636,281477352311044,281477352311044,562947481959098,562947481959098,178274574176968,178274574176968,57172970969082,57172970969082,229579,702389,False,277732689,2026-06-29 15:09:02.024,50.1071,78865.312734,500,28.0,-77.8972,122169.233878,3333,1782745742083180,,,,,,,,1782745742024
24154101066,24154101066,605db7b9f4d0f945ef726892ffcdd8032906d013f61098d25e6d4422a949959e5e593a61a459f9d7,trade,0,0.044,1564.69,68.84636,281477352311045,281477352311045,562947481959098,562947481959098,178274574176921,178274574176921,57172970969082,57172970969082,311650,702389,False,277732689,2026-06-29 15:09:02.024,75.0738,118135.522969,500,28.0,-77.8532,122100.226952,3333,1782745742083212,,,,,,,,1782745742024
24154101061,24154101061,651a4008a3913f040064f86b46835f669db3053def4d0100b2b1f9417777e00ca63efd812200f3cd,trade,0,0.0079,1564.75,12.361525,281477352311043,281477352311043,562947481959158,562947481959158,178274574176997,178274574176997,17827457000001,17827457000001,663258,724541,False,277732689,2026-06-29 15:09:02.024,40.2712,63405.621062,500,,0.0008,1.251800,500,1782745742083106,,,,,,,,1782745742024
24154102670,24154102670,6685d81ca6c427ef6d4d0d7ea9c13482d67af92a40452595e8d55bd16990e259d3d458c9979bb3bf,trade,0,0.03,1564.75,46.9425,281477352311114,281477352311114,562947481959005,562947481959005,1159780,1159780,271888238697500,271888238697500,719607,702389,False,277732704,2026-06-29 15:09:02.988,-1.5713,2461.130009,10000,28.0,-77.5752,121664.228647,3333,1782745743018438,,,,,,,,1782745742988
24154102769,24154102769,f96c5c1e34fb84a73ba2005271c6af9f02abb7518ad650ffbfae5a697d0f8b63299b7c2612f6b8d4,trade,0,0.0075,1564.76,11.7357,281477352311118,281477352311118,562947481958998,562947481958998,517472891,517472891,240179577786943,240179577786943,726894,702389,False,277732705,2026-06-29 15:09:03.058,-1.1925,1880.302298,500,28.0,-77.5452,121617.178470,3333,1782745743086433,,,,,,,,1782745743058
24154103269,24154103269,0000001761edf49d0000019f13ed4055000000000000000000000000000000000000000000000000,trade,0,0.001,1564.85,1.56485,281477352310969,281477352310969,562947481958964,562947481958964,1454478322,1454478322,0,0,708287,710758,True,277732712,2026-06-29 15:09:03.445,0.0249,39.037407,200,28.0,2.9142,4571.662009,500,1782745743445324,,,,,,,,1782745743445
24154103590,24154103590,0000001761edfaaa0000019f13ed412d000000000000000000000000000000000000000000000000,trade,0,0.001,1564.85,1.56485,281477352310969,281477352310969,562947481958955,562947481958955,1454478322,1454478322,0,0,708287,710765,True,277732716,2026-06-29 15:09:03.661,0.0228,35.736022,200,28.0,2.9132,4570.093255,500,1782745743661907,,,,,,,,1782745743661
24154104557,24154104557,776006a3b83057490ab90cbb88d835aefd5c1cad18bc2e92c9556aa9da4cfa17e6a547322817a171,trade,0,0.044,1564.68,68.84592,281477352311222,281477352311222,562947481958880,562947481958880,178274574384519,178274574384519,44568643603200,44568643603200,355760,281474976529902,False,277732723,2026-06-29 15:09:04.115,68.0353,107058.643809,500,28.0,-1.7888,2800.195406,500,1782745744158073,,,,,,,,1782745744115
24154104554,24154104554,d6ff8ad8f159c87e1f6289350e3c174f42d9e82acc88a736f1a50bc86eff400656736cf4eb34a136,trade,0,0.044,1564.68,68.84592,281477352311221,281477352311221,562947481958880,562947481958880,178274574384551,178274574384551,44568643603200,44568643603200,311650,281474976529902,False,277732723,2026-06-29 15:09:04.115,75.0298,118066.284925,500,28.0,-1.8328,2869.073200,500,1782745744157983,,,,,,,,1782745744115
24154104549,24154104549,2739a6443b24837814a0f535df386124f57060ea2a7f4ef1c594f31590c4aebe54eb8ab1981267b3,trade,0,0.044,1564.68,68.84592,281477352311220,281477352311220,562947481958880,562947481958880,178274574384584,178274574384584,44568643603200,44568643603200,663258,281474976529902,False,277732723,2026-06-29 15:09:04.115,40.2272,63336.344573,500,28.0,-1.8768,2937.950995,500,1782745744157793,,,,,,,,1782745744115
24154104546,24154104546,f0b0803ef2d073da74dd1f4cad72198b470015e62fd6eaab2dc02434ebabeaad6c0c09326ddff8f4,trade,0,0.044,1564.68,68.84592,281477352311219,281477352311219,562947481958880,562947481958880,178274574384645,178274574384645,44568643603200,44568643603200,229579,281474976529902,False,277732723,2026-06-29 15:09:04.115,50.0631,78796.059599,500,28.0,-1.9208,3006.828790,500,1782745744157684,,,,,,,,1782745744115
24154105333,24154105333,674ff696639b09dce798c25fd07da139c3e9b73476140440717745cf7b3fcd0db112af91fe41e680,trade,0,0.044,1564.55,68.8402,281477352311288,281477352311288,562947481958815,562947481958815,178274574425444,178274574425444,203620758808662,203620758808662,32778,702389,False,277732731,2026-06-29 15:09:04.546,2.5113,3950.841880,500,28.0,-77.5377,121605.415925,3333,1782745744566091,,,,,,,,1782745744546
24154105498,24154105498,0000001761ee1a670000019f13ed44e9000000000000000000000000000000000000000000000000,trade,0,3.2868,1564.55,5142.36294,281477352311296,281477352311296,562947481958814,562947481958814,24740085389458,24740085389458,99571687252923,99571687252923,313004,702389,False,277732732,2026-06-29 15:09:04.617,3.6612,5722.704156,500,28.0,-75.4272,118295.436001,3333,1782745744700757,,,,,,,,1782745744617
24154105497,24154105497,a2f6da703e88ab2882a737db2f0eb7a1962da3a775350889e06dfddce8fe37fc134d92ba568d071b,trade,0,2.0665,1564.55,3233.142575,281477352311296,281477352311296,562947481958815,562947481958815,24740085389458,24740085389458,203620758808662,203620758808662,313004,702389,False,277732732,2026-06-29 15:09:04.617,5.7277,8952.783950,500,28.0,-77.4937,121536.408999,3333,1782745744700723,,,,,,,,1782745744617
24154106629,24154106629,2bc0d8fe969cfdf805f8dca9124e46fbf6e1981f892008fd65f9d0709fff5b57f6b1da4f1a5b77d0,trade,0,0.044,1564.6,68.8424,281477352311372,281477352311372,562947481958722,562947481958722,178274574505498,178274574505498,44568643633476,44568643633476,32778,281474976529902,False,277732743,2026-06-29 15:09:05.319,2.4673,3881.619946,500,28.0,-1.7448,2731.317612,500,1782745745363650,,,,,,,,1782745745319
24154106871,24154106871,0000001761ee30ed0000019f13ed489d000000000000000000000000000000000000000000000000,trade,0,0.0001,1564.65,0.156465,281477352311384,281477352311384,562947481958717,562947481958717,0,0,1475630077391,1475630077391,5256,702389,False,277732746,2026-06-29 15:09:05.565,-1.0006,1562.586836,2000,28.0,-72.1404,113140.618653,3333,1782745745566197,312706042.0,312737346.0,,,,,,1782745745565
24154108044,24154108044,0000001761ee43750000019f13ed4adb000000000000000000000000000000000000000000000000,trade,0,0.0087,1564.85,13.614195,281477352311234,281477352311234,562947481958642,562947481958642,17827457000003,17827457000003,24740085389459,24740085389459,724541,313004,True,277732756,2026-06-29 15:09:06.139,0.4046,632.470785,500,,0.0087,13.613325,500,1782745746165142,,,,True,,,,1782745746139
24154108043,24154108043,ff5b40c1d8efb290a3013fffe5bc8aafec120a9cb2e17f44d6f30c2da50680028df949614dfcd4df,trade,0,0.0302,1564.84,47.258168,281477352311213,281477352311213,562947481958642,562947481958642,121043700012,121043700012,24740085389459,24740085389459,281474976624359,313004,True,277732756,2026-06-29 15:09:06.139,0.3744,585.212617,500,,-81.5715,128147.935003,2500,1782745746165084,,,,,,,,1782745746139
24154109984,24154109984,0000001761ee690f0000019f13ed4d89000000000000000000000000000000000000000000000000,trade,0,0.001,1565.22,1.56522,281477352311461,281477352311461,562947481958542,562947481958542,2601201446962,2601201446962,0,0,90364,713276,True,277732776,2026-06-29 15:09:06.825,0.0228,35.733495,200,32.0,80.1753,125491.321594,500,1782745746856397,,,,,,,,1782745746825
24154111490,24154111490,0000001761ee81f90000019f13ed4f89000000000000000000000000000000000000000000000000,trade,0,8.6293,1565.17,13506.321481,281477352311909,281477352311909,562947481958453,562947481958453,1782745751130,1782745751130,642693174,642693174,447023,281474976639642,False,277732788,2026-06-29 15:09:07.337,-381.3707,600986.121894,200,28.0,-67.3338,105573.686853,200,1782745747362851,,,,,,,,1782745747337
24154111489,24154111489,bfe55fc9b6fb253a33db2d0610cdd74cbfd13e91da895cace7289fb249defc1b71d32f8d97381583,trade,0,1.3707,1565.18,2145.392226,281477352311909,281477352311909,562947481958451,562947481958451,1782745751130,1782745751130,128791617986790,128791617986790,447023,726722,False,277732788,2026-06-29 15:09:07.337,-380.0000,598840.729668,200,28.0,19.4942,30493.315363,500,1782745747362821,,,,,,,,1782745747337
24154111482,24154111482,0000001761ee81ee0000019f13ed4f89000000000000000000000000000000000000000000000000,trade,0,0.0003,1565.33,0.469599,281477352311905,281477352311905,562947481958448,562947481958448,148439833310741,148439833310741,0,0,702389,382258,True,277732788,2026-06-29 15:09:07.337,0.6719,1058.014586,200,28.0,-72.1403,113140.461819,3333,1782745747362289,,,,,,,,1782745747337
24154111432,24154111432,8e34613afd2a2fbe755d4ebf5a62695d36cf444bc59829865dff3d121d0f81d6104948a1b0a278a2,trade,0,5.0,1565.18,7825.9,281477352311904,281477352311904,562947481958451,562947481958451,1782745753594,1782745753594,128791617986790,128791617986790,717289,726722,False,277732788,2026-06-29 15:09:07.337,-370.0000,582311.802711,200,28.0,14.4942,22667.415363,500,1782745747353777,,,,,,,,1782745747337
24154113563,24154113563,15e822308ebc5bd5652f6e284ab0e2f8c3ad33a6a3c8eca715672e606f149c36d4f1cd701ad2d8c2,trade,0,0.044,1565.31,68.87364,281477352312643,281477352312643,562947481958347,562947481958347,178274574795825,178274574795825,23347190507756,23347190507756,229548,702389,False,277732816,2026-06-29 15:09:08.219,108.2154,170267.004994,500,28.0,-72.1406,113140.931418,3333,1782745748273699,,,,,,,,1782745748219
24154113994,24154113994,0000001761eec2060000019f13ed54a2000000000000000000000000000000000000000000000000,trade,0,0.001,1565.34,1.56534,281477352309183,281477352309183,562947481958333,562947481958333,38987518022676,38987518022676,0,0,281474976624083,723637,True,277732824,2026-06-29 15:09:08.642,0.0118,18.463303,200,28.0,11.2782,17708.809303,10000,1782745748642598,,,,,,,,1782745748642
24154114254,24154114254,0000001761eec9dd0000019f13ed5564000000000000000000000000000000000000000000000000,trade,0,0.001,1565.34,1.56534,281477352309183,281477352309183,562947481958320,562947481958320,38987518022676,38987518022676,0,0,281474976624083,326677,True,277732828,2026-06-29 15:09:08.836,0.0248,38.875980,200,28.0,11.2772,17707.239122,10000,1782745748837143,,,,,,,,1782745748836
24154114445,24154114445,2bb1b5a2c382c395fbdfeeacbec286939b74a7dd800a07f6e81b062e0c0868cadcbd2d289f917c1c,trade,0,0.0075,1565.33,11.739975,281477352312671,281477352312671,562947481958316,562947481958316,517472893,517472893,212612960701836,212612960701836,726894,702389,False,277732831,2026-06-29 15:09:08.937,-1.2000,1892.037998,500,28.0,-72.0966,113071.924492,3333,1782745748981817,,,,,,,,1782745748937
24154116034,24154116034,0000001761eeec300000019f13ed5a8c000000000000000000000000000000000000000000000000,trade,0,0.001,1565.34,1.56534,281477352309183,281477352309183,562947481958253,562947481958253,38987518022676,38987518022676,0,0,281474976624083,723634,True,277732848,2026-06-29 15:09:10.156,0.0109,17.053612,200,28.0,11.2762,17705.668941,10000,1782745750156917,,,,,,,,1782745750156
24154117018,24154117018,0000001761ef00f20000019f13ed5c1a000000000000000000000000000000000000000000000000,trade,0,0.0246,1565.73,38.516958,281477352312108,281477352312108,562947481958197,562947481958197,1460646090,1460646090,0,0,708287,290148,True,277732859,2026-06-29 15:09:10.554,2.5030,3928.172215,200,28.0,2.9122,4568.524501,500,1782745750558843,,,280.0,,,,,1782745750554
24154117017,24154117017,0000001761ef00f10000019f13ed5c1a000000000000000000000000000000000000000000000000,trade,0,0.011,1565.34,17.21874,281477352309183,281477352309183,562947481958197,562947481958197,38987518022676,38987518022676,0,0,281474976624083,290148,True,277732859,2026-06-29 15:09:10.554,2.4920,3910.953475,200,28.0,11.2752,17704.098760,10000,1782745750558799,,,280.0,,,,,1782745750554
24154117364,24154117364,0000001761ef06d30000019f13ed5c5d000000000000000000000000000000000000000000000000,trade,0,0.001,1565.84,1.56584,281477352312731,281477352312731,562947481958166,562947481958166,1463430927,1463430927,0,0,708516,723631,True,277732862,2026-06-29 15:09:10.621,0.0118,18.462747,200,28.0,-3.7750,5906.137304,500,1782745750629280,,,,,,,,1782745750621
24154117362,24154117362,0000001761ef06d10000019f13ed5c5d000000000000000000000000000000000000000000000000,trade,0,0.001,1565.84,1.56584,281477352312731,281477352312731,562947481958167,562947481958167,1463430927,1463430927,0,0,708516,710755,True,277732862,2026-06-29 15:09:10.621,0.0248,38.872601,200,28.0,-3.7740,5904.571464,500,1782745750629215,,,,,,,,1782745750621
24154118371,24154118371,0000001761ef17f60000019f13ed5d66000000000000000000000000000000000000000000000000,trade,0,0.001,1565.87,1.56587,281477352313185,281477352313185,562947481958097,562947481958097,128791617990481,128791617990481,0,0,726722,713270,True,277732871,2026-06-29 15:09:10.886,0.0188,29.449804,200,28.0,20.8649,32638.707589,500,1782745750886490,,,,,,,,1782745750886
24154119127,24154119127,582efe2f72c936be3ac052b5bf7bcecd2205471d9ac7c68283e68cbf4e804795548c9b359b1f1bf1,trade,0,0.0001,1565.83,0.156583,281477352313594,281477352313594,562947481958065,562947481958065,3137410419672,3137410419672,1782745751560,1782745751560,702389,281474976707972,True,277732880,2026-06-29 15:09:11.269,-0.0001,0.156445,200,28.0,-72.0891,113060.161947,3333,1782745751328147,3178.0,,,,True,,,1782745751269
24154120266,24154120266,ccadc2802de8ae9df370c5e0a287fb7cb5aea89b9af2e59d4d70c74a133ac759cd87ec7979ea238f,trade,0,0.044,1565.46,68.88024,281477352313702,281477352313702,562947481957991,562947481957991,178274575140423,178274575140423,16537897043347,16537897043347,32778,702389,False,277732891,2026-06-29 15:09:11.657,2.4233,3812.398012,500,28.0,-72.0892,113060.318530,3333,1782745751714838,,,,,,,,1782745751657
24154120296,24154120296,d132013f020166c53e5965a96583c4b1f994d66103b35bc2cb10c5c4bcf0fb55a9abf827c16715cb,trade,0,0.044,1565.46,68.88024,281477352313703,281477352313703,562947481957991,562947481957991,178274575140437,178274575140437,16537897043347,16537897043347,229548,702389,False,277732892,2026-06-29 15:09:11.720,108.1714,170197.775030,500,28.0,-72.0452,112991.311605,3333,1782745751726917,,,,,,,,1782745751720
24154121295,24154121295,0000001761ef4fce0000019f13ed6383000000000000000000000000000000000000000000000000,trade,0,0.001,1565.53,1.56553,281477352313747,281477352313747,562947481957940,562947481957940,14297743987184,14297743987184,0,0,702389,723635,True,277732903,2026-06-29 15:09:12.451,0.0118,18.462195,200,28.0,-72.0012,112922.304680,3333,1782745752451510,,,,,,,,1782745752451
24154121375,24154121375,55f3ff48f0a2bc918a9aa4f225f6a62f49f7b7d51977cdb8fdc405d88094238138fcdf7857acaac0,trade,0,0.044,1565.49,68.88156,281477352313758,281477352313758,562947481957933,562947481957933,178274575218378,178274575218378,44568643812031,44568643812031,229548,281474976529902,False,277732904,2026-06-29 15:09:12.477,108.1274,170128.545066,500,28.0,-1.7008,2662.439818,500,1782745752498022,,,,,,,,1782745752477
24154122168,24154122168,0000001761ef5ede0000019f13ed653a000000000000000000000000000000000000000000000000,trade,0,0.001,1565.67,1.56567,281477352313761,281477352313761,562947481957886,562947481957886,40398469127701,40398469127701,0,0,66984,719354,True,277732912,2026-06-29 15:09:12.890,0.0139,21.756568,200,28.0,-61.4912,96469.224181,200,1782745752890889,,,,,,,,1782745752890
24154122954,24154122954,0000001761ef6aa10000019f13ed6734000000000000000000000000000000000000000000000000,trade,0,0.001,1565.75,1.56575,281477352313839,281477352313839,562947481957835,562947481957835,276064505844409,276064505844409,0,0,66984,719347,True,277732918,2026-06-29 15:09:13.396,0.0178,27.878009,200,28.0,-61.4922,96470.789851,200,1782745753396837,,,,,,,,1782745753396
24154123385,24154123385,0000001761ef70af0000019f13ed6785000000000000000000000000000000000000000000000000,trade,0,0.8458,1565.6,1324.18448,281477352313874,281477352313874,562947481957816,562947481957816,1782745753489,1782745753489,44568643838045,44568643838045,731213,281474976529902,False,277732921,2026-06-29 15:09:13.477,-497.8002,783148.811094,500,28.0,-1.6568,2593.562024,500,1782745753536027,,,,,,,,1782745753477
24154123384,24154123384,6ce412faa135c91ed45b63369217c91515c6497f5775110024bfe285c04406d9e3d0b83391373aff,trade,0,0.4312,1565.65,675.10828,281477352313874,281477352313874,562947481957825,562947481957825,1782745753489,1782745753489,249319257132133,249319257132133,731213,702389,False,277732921,2026-06-29 15:09:13.477,-497.3690,782473.702814,500,28.0,-72.0022,112923.870210,3333,1782745753535976,,,,,,,,1782745753477
24154124922,24154124922,ef0a7dc07e1bede4cfcbb4abd1f12d30fddefc0492079380772a93be60b48adfdda6cd1e8b148e73,trade,0,0.0399,1565.23,62.452677,281477352313999,281477352313999,562947481957714,562947481957714,17827457535690,17827457535690,125723836563861,125723836563861,32778,702389,False,277732936,2026-06-29 15:09:13.902,2.3793,3743.176078,500,28.0,-71.5270,112178.595438,3333,1782745753923029,,,,,,,,1782745753902
24154124904,24154124904,b861c6cdcafa4a0fc332c4067135d931a6297a99ad0a835696a9517ac9bcaa975822147cf8ec994e,trade,0,0.044,1565.23,68.87012,281477352313995,281477352313995,562947481957714,562947481957714,178274575356920,178274575356920,125723836563861,125723836563861,229548,702389,False,277732936,2026-06-29 15:09:13.902,108.0834,170059.315102,500,28.0,-71.5710,112247.602362,3333,1782745753921537,,,,,,,,1782745753902
24154124923,24154124923,0000001761ef8d540000019f13ed692e000000000000000000000000000000000000000000000000,trade,0,0.0041,1565.16,6.417156,281477352313999,281477352313999,562947481957713,562947481957713,17827457535690,17827457535690,210264053839706,210264053839706,32778,702389,False,277732936,2026-06-29 15:09:13.902,2.3394,3680.404369,500,28.0,-71.4871,112116.018705,3333,1782745753923171,,,,,,,,1782745753902
24154126618,24154126618,5eb975cb0f419a1b6bf38b6e67d519de1ae2e38e4ad8a9f8375a33f34c5193997221f7629e6ef28f,trade,0,0.044,1565.01,68.86044,281477352314107,281477352314107,562947481957397,562947481957397,178274575407273,178274575407273,44568643857367,44568643857367,229548,281474976529902,False,277732951,2026-06-29 15:09:14.346,108.0394,169990.085138,500,28.0,-0.8110,1269.542975,500,1782745754385081,,,,,,,,1782745754346
24154126622,24154126622,c11690dfe9b76cd4f4167eb5bffc1904db35f93dcecfd2684135efe2763882ca77c5295c382e579f,trade,0,0.044,1565.01,68.86044,281477352314108,281477352314108,562947481957397,562947481957397,178274575407219,178274575407219,44568643857367,44568643857367,32778,281474976529902,False,277732951,2026-06-29 15:09:14.346,2.3353,3673.954143,500,28.0,-0.7670,1200.665181,500,1782745754385173,,,,,,,,1782745754346
24154127146,24154127146,8fb473c31cc6346b14c4a2914856d38dea338e943eb52456bbbd8f3cea59475ffcd900b5b63df03c,trade,0,0.3,1565.05,469.515,281477352314130,281477352314130,562947481957362,562947481957362,1782745754597,1782745754597,209323052044181,209323052044181,680015,702389,False,277732957,2026-06-29 15:09:14.611,4.5000,7086.806791,200,28.0,-71.4830,112109.588514,3333,1782745754649029,,,,,,,,1782745754611
24154127813,24154127813,daf7045f9eb1c460a3357b5d80bee177cac0f9b6da337a7150013ff25c7ac6eb4c022b3583f5fc60,trade,0,0.2601,1565.1,407.08251,281477352314171,281477352314171,562947481957336,562947481957336,1263431,1263431,38376949429948,38376949429948,723806,702389,False,277732963,2026-06-29 15:09:14.915,-49.5079,77638.401701,10000,28.0,-71.1830,111639.086764,3333,1782745755004974,,,,,,,,1782745754915
24154128305,24154128305,0000001761efc58c0000019f13ed6e34000000000000000000000000000000000000000000000000,trade,0,0.5361,1565.08,839.039388,281477352314198,281477352314198,562947481957309,562947481957309,54928,54928,77310450426183,77310450426183,281474976625986,702389,False,277732967,2026-06-29 15:09:15.188,-1.8928,2971.751402,500,28.0,-70.9230,111231.318272,3333,1782745755254436,,,,,,,,1782745755188
24154128304,24154128304,84617ec778e30bdc0a6a8b8bdf34e7d17621ece48bb4338e8e8e2a9c6132895e345f339a6cf94a55,trade,0,0.0639,1565.09,100.009251,281477352314198,281477352314198,562947481957352,562947481957352,54928,54928,12838819,12838819,281474976625986,281474976624611,False,277732967,2026-06-29 15:09:15.188,-1.8289,2871.742151,500,38.0,-0.0639,100.022031,200,1782745755254391,,,,True,,,,1782745755188
24154128200,24154128200,0000001761efc40e0000019f13ed6e34000000000000000000000000000000000000000000000000,trade,0,0.0001,1565.25,0.156525,281477352314190,281477352314190,562947481957314,562947481957314,35945176703130,35945176703130,0,0,702389,1976,True,277732967,2026-06-29 15:09:15.188,2.8766,4735.337553,333,28.0,-70.9229,111231.161747,3333,1782745755188397,,,,,,,,1782745755188
24154128572,24154128572,ef50951db20a3074263eddc054f774990ba61ab0a462ddc922d87c6fb46539fa299af2b8a723007c,trade,0,0.137,1565.2,214.4324,281477352314207,281477352314207,562947481957299,562947481957299,189522462195263,189522462195263,1280549073,1280549073,702389,281474976577279,True,277732970,2026-06-29 15:09:15.363,0.0000,0.000000,400,28.0,-70.3429,110321.524724,3333,1782745755425697,,8532579.0,,,True,900.0,281474976617487.0,1782745755363
24154128558,24154128558,1340c348afa1d94852b9af5604c0be43979804d17a4899f520eea1a36639677639d603efb678b511,trade,0,0.044,1565.04,68.86176,281477352314206,281477352314206,562947481957307,562947481957307,178274575509922,178274575509922,70635770758490,70635770758490,229548,702389,False,277732970,2026-06-29 15:09:15.363,107.9954,169920.855174,500,28.0,-70.3869,110390.531648,3333,1782745755412504,,,,,,,,1782745755363
24154129610,24154129610,74514cb26163d3d238cd6888c5ace2c3e088d6006b501857dd957d6f2ded43ef7a908e5b35352d0c,trade,0,0.044,1564.96,68.85824,281477352314295,281477352314295,562947481957712,562947481957712,178274575550436,178274575550436,37526370396690,37526370396690,32778,281474976708492,False,277732980,2026-06-29 15:09:15.803,2.2913,3604.732209,500,28.0,-181.5923,284867.503460,500,1782745755818699,,,,,,,,1782745755803
24154129605,24154129605,62c1062018ebe51565012865d0026f9efc8ede311a52399713f25fbd267b91a5fb60cf4c3b66fd31,trade,0,0.044,1564.96,68.85824,281477352314293,281477352314293,562947481957712,562947481957712,17827457555039,17827457555039,37526370396690,37526370396690,229548,281474976708492,False,277732980,2026-06-29 15:09:15.803,107.9514,169851.625210,500,28.0,-181.6363,284936.527148,500,1782745755816300,,,,,,,,1782745755803
24154129680,24154129680,0000001761efda560000019f13ed70d6000000000000000000000000000000000000000000000000,trade,0,0.001,1565.1,1.5651,281477352314292,281477352314292,562947481957204,562947481957204,1210865880721,1210865880721,0,0,66984,713847,True,277732981,2026-06-29 15:09:15.862,0.0188,29.449814,200,28.0,-61.4932,96472.355601,200,1782745755862824,,,,,,,,1782745755862
24154130845,24154130845,0000001761efecc80000019f13ed72fa000000000000000000000000000000000000000000000000,trade,0,0.001,1565.36,1.56536,281477352314394,281477352314394,562947481957096,562947481957096,73234944245127,73234944245127,0,0,66984,719352,True,277732991,2026-06-29 15:09:16.410,0.0139,21.755699,200,28.0,-61.4942,96473.920701,200,1782745756411142,,,,,,,,1782745756410
24154132135,24154132135,ded5d21a0268acc5ed893c8471ec4d616787bb4273e95ce3b09c4a0c146e6ec799350a51be66c69e,trade,0,0.044,1564.99,68.85956,281477352314465,281477352314465,562947481957052,562947481957052,178274575640550,178274575640550,174327644749486,174327644749486,229548,702389,False,277733001,2026-06-29 15:09:16.671,107.9074,169782.395246,500,28.0,-70.4799,110535.957124,3333,1782745756719532,,,,,,,,1782745756671
24154133345,24154133345,0000001761f015f60000019f13ed7786000000000000000000000000000000000000000000000000,trade,0,0.0003,1565.1,0.46953,281477352314485,281477352314485,562947481957003,562947481957003,63438043433382,63438043433382,0,0,66984,726130,True,277733014,2026-06-29 15:09:17.574,-13.4328,21268.740692,200,28.0,-61.4952,96475.486061,200,1782745757574304,,,,,,,,1782745757574
24154134544,24154134544,fde5031e33b1e59186e407af4a6cf963342bfb80d9a7818f86a43e8aa1c13fdc720e88f197a5dde5,trade,0,2.4915,1565.25,3899.820375,281477352314567,281477352314567,562947481956918,562947481956918,1782676081444,1782676081444,194850669960045,194850669960045,723792,702389,False,277733026,2026-06-29 15:09:18.316,-186.0686,293013.847337,500,28.0,-70.4359,110466.950469,3333,1782745758345137,,,,,,,,1782745758316
24154135032,24154135032,0000001761f033580000019f13ed7b76000000000000000000000000000000000000000000000000,trade,0,0.001,1565.46,1.56546,281477352314578,281477352314578,562947481956894,562947481956894,53641142621637,53641142621637,0,0,66984,719351,True,277733032,2026-06-29 15:09:18.582,0.0139,21.759300,200,28.0,-61.4955,96475.955591,200,1782745758583297,,,,,,,,1782745758582
24154141256,24154141256,db306c57edeb8279e792c2833802c9497fa5385f86e632230e248e973952514622c3dcca0697af32,trade,0,0.044,1565.6,68.8864,281477352314920,281477352314920,562947481956573,562947481956573,178274576248416,178274576248416,57158246882121,57158246882121,229548,702389,False,277733093,2026-06-29 15:09:22.751,107.8634,169713.165282,500,28.0,-67.9444,106559.448653,3333,1782745762796384,,,,,,,,1782745762751
24154144985,24154144985,cd4409eca526c2c7eedf2701551000d3cd6aae93efa6052b2a4b27a123f09605559f01e044b9680b,trade,0,0.044,1565.71,68.89124,281477352315578,281477352315578,562947481956382,562947481956382,178274576423168,178274576423168,69721627,69721627,229548,102394,False,277733135,2026-06-29 15:09:24.548,107.8194,169643.935318,500,28.0,-313.4071,491475.338875,500,1782745764549245,,,,,,,,1782745764548
24154146380,24154146380,0000001761f101300000019f13ed9405000000000000000000000000000000000000000000000000,trade,0,0.0353,1565.36,55.257208,281477352315722,281477352315722,562947481956174,562947481956174,178274576465334,178274576465334,29206223,29206223,229548,268998,False,277733147,2026-06-29 15:09:24.869,107.7667,169561.016702,500,28.0,-0.6474,1013.445894,3333,1782745764969339,,,,,,,,1782745764869
24154146379,24154146379,35f556b1e534ec9c74bc915d2c4325585f741f239d7907f97b3317483f91d273ce88878de14c130d,trade,0,0.0087,1565.58,13.620546,281477352315722,281477352315722,562947481956597,562947481956597,178274576465334,178274576465334,17827457000005,17827457000005,229548,724541,False,277733147,2026-06-29 15:09:24.869,107.7754,169574.705354,500,,0.0000,0.000000,500,1782745764969294,,,,True,,,,1782745764869
24154148193,24154148193,c396a4d4b682be774aa7072471e48ab0129273b7de8bf5c50ef66e3227ab494278bbc47f7418657b,trade,0,0.044,1565.39,68.87716,281477352315821,281477352315821,562947481956080,562947481956080,178274576549470,178274576549470,44568644143877,44568644143877,229548,281474976529902,False,277733162,2026-06-29 15:09:25.768,107.7314,169505.475390,500,28.0,-0.3097,484.805745,500,1782745765808766,,,,,,,,1782745765768
24154148182,24154148182,a4aee15bf2b1739c836ae3164dc7aea5d794416eff5ed048e3d05b637191b6fce7688b449b089837,trade,0,0.4133,1565.39,646.975687,281477352315820,281477352315820,562947481956080,562947481956080,24740085389470,24740085389470,44568644143877,44568644143877,313004,281474976529902,False,277733162,2026-06-29 15:09:25.768,0.4133,646.084980,500,28.0,-0.7230,1131.787387,500,1782745765802957,,,,,True,,,1782745765768
24154149653,24154149653,0000001761f136a30000019f13ed9b3e000000000000000000000000000000000000000000000000,trade,0,0.001,1565.51,1.56551,281477352315888,281477352315888,562947481955970,562947481955970,181541270409150,181541270409150,0,0,66984,713844,True,277733177,2026-06-29 15:09:26.718,0.0219,34.318683,200,28.0,-61.4965,96477.521051,200,1782745766720313,,,,,,,,1782745766718
24154150231,24154150231,0000001761f13f9d0000019f13ed9c5a000000000000000000000000000000000000000000000000,trade,0,0.0303,1565.48,47.434044,281477352315922,281477352315922,562947481955968,562947481955968,17827457667645,17827457667645,95178704182,95178704182,229548,37359,False,277733181,2026-06-29 15:09:27.002,107.6737,169414.689732,500,32.0,0.2209,345.671089,204,1782745767094467,,,,,,,,1782745767002
24154150225,24154150225,ea32ea8db99bbcb93c388624f70905024c779a7fdaa5a79cd17f1e4ae134671d08874788f412db80,trade,0,0.0002,1565.48,0.313096,281477352315921,281477352315921,562947481955968,562947481955968,0,0,95178704182,95178704182,521601,37359,False,277733181,2026-06-29 15:09:27.002,0.0038,5.980240,500,32.0,0.2207,345.357993,204,1782745767094113,,,,,,,,1782745767002
24154150230,24154150230,dc8966356c5891dde19919f5cec8456dc9b83634550977a14db9aa1ba16df1892cf44cc2fee5bc38,trade,0,0.0137,1565.49,21.447213,281477352315922,281477352315922,562947481955942,562947481955942,17827457667645,17827457667645,56913086672940,56913086672940,229548,702389,False,277733181,2026-06-29 15:09:27.002,107.6874,169436.245426,500,28.0,-67.9004,106490.441998,3333,1782745767094416,,,,,,,,1782745767002
24154152399,24154152399,a16ce919763d2e4e6ffe72dbc56bc7ca7601669554c682161dfbea84be06f816c6120dafd72456ac,trade,0,0.044,1565.31,68.87364,281477352316045,281477352316045,562947481955813,562947481955813,17827457679797,17827457679797,183363184409851,183363184409851,229548,702389,False,277733202,2026-06-29 15:09:28.244,107.6434,169367.015461,500,28.0,-67.8867,106468.955835,3333,1782745768292959,,,,,,,,1782745768244
24154154285,24154154285,0000001761f185450000019f13eda4d7000000000000000000000000000000000000000000000000,trade,0,0.0099,1564.94,15.492906,281477352316185,281477352316185,562947481955744,562947481955744,178274576867026,178274576867026,28862883,28862883,229548,268927,False,277733223,2026-06-29 15:09:29.175,107.5653,169244.132275,500,28.0,-9.7887,15320.601738,3333,1782745769181361,,,,,,,,1782745769175
24154154284,24154154284,b68f0913584db36af4a5b76fe16284f564c5d1cb5b5967846303ec25ff74b1958ae7c6639bb74106,trade,0,0.0341,1565.05,53.368205,281477352316185,281477352316185,562947481955620,562947481955620,178274576867026,178274576867026,71765582554709,71765582554709,229548,702389,False,277733223,2026-06-29 15:09:29.175,107.5994,169297.785497,500,28.0,-67.8427,106399.949180,3333,1782745769181282,,,,,,,,1782745769175
24154156598,24154156598,0226035203e56b952ac48d4f3a0ddc4b0bbb092f0c291210d56be584add4325b6f14d60aa7e59fd1,trade,0,0.044,1565.0,68.86,281477352316261,281477352316261,562947481955407,562947481955407,178274576987857,178274576987857,82675436077640,82675436077640,229548,702389,False,277733247,2026-06-29 15:09:30.184,107.5554,169228.555533,500,28.0,-67.8086,106346.469022,3333,1782745770192020,,,,,,,,1782745770184
24154160267,24154160267,10828ce42427f214b0104e5a9b0d234af263524da4b531da385c26a19ce8964378927df4b8698095,trade,0,0.0656,1565.58,102.702048,281477352316693,281477352316693,562947481955160,562947481955160,1159781,1159781,128791618011026,128791618011026,719607,726722,False,277733284,2026-06-29 15:09:31.738,-1.6013,2508.072509,10000,28.0,20.8639,32637.143301,500,1782745771765132,,,,,,,,1782745771738
24154160418,24154160418,0000001761f1f9160000019f13edaf83000000000000000000000000000000000000000000000000,trade,0,0.0008,1565.58,1.252464,281477352316696,281477352316696,562947481955160,562947481955160,0,0,128791618011026,128791618011026,58761,726722,False,277733287,2026-06-29 15:09:31.907,-12.1914,24234.632795,400,28.0,20.9295,32739.845349,500,1782745771907739,,,,,,,,1782745771907
24154161012,24154161012,9d097c9a66d6d97dbebac9f51e8c23661a81aeea940d6b20683ea7e65982ffe40c66f5d0dce7a98a,trade,0,0.0087,1565.59,13.620633,281477352315807,281477352315807,562947481955085,562947481955085,17827457000006,17827457000006,642696045,642696045,724541,281474976639642,True,277733295,2026-06-29 15:09:32.242,-58.7045,92043.676427,200,,0.0087,13.620546,500,1782745772267973,,,196.0,True,,,,1782745772242
24154162957,24154162957,0000001761f2321c0000019f13edb5a9000000000000000000000000000000000000000000000000,trade,0,0.001,1566.13,1.56613,281477352317445,281477352317445,562947481954976,562947481954976,181374789824510,181374789824510,0,0,702389,710758,True,277733318,2026-06-29 15:09:33.481,0.0259,40.602257,200,28.0,-67.7646,106277.462367,3333,1782745773481622,,,,,,,,1782745773481
24154163114,24154163114,0000001761f2368f0000019f13edb61e000000000000000000000000000000000000000000000000,trade,0,6.2184,1566.11,9738.698424,281477352317450,281477352317450,562947481954971,562947481954971,189258819237799,189258819237799,255185816237,255185816237,702389,687105,True,277733321,2026-06-29 15:09:33.598,59.1825,92534.678878,243,28.0,-72.4659,113640.118019,3333,1782745773602583,2254899169.0,2492338289.0,,,,,,1782745773598
24154163110,24154163110,6e9f816d4e931d06d8fd9243d2b8586f5882baa09fbf3e4a7877372f23600fd19bf3fb8ba4c8d3ea,trade,0,0.0661,1566.04,103.515244,281477352317452,281477352317452,562947481954971,562947481954971,82164481708885,82164481708885,255185816237,255185816237,702389,687105,True,277733321,2026-06-29 15:09:33.598,48.1115,75196.436086,243,28.0,-67.7656,106279.028497,3333,1782745773602395,1832332718.0,1834852008.0,,,,,,1782745773598
24154163113,24154163113,0000001761f2368e0000019f13edb61e000000000000000000000000000000000000000000000000,trade,0,6.3707,1566.1,9977.15327,281477352317451,281477352317451,562947481954971,562947481954971,128791618013186,128791618013186,255185816237,255185816237,726722,687105,True,277733321,2026-06-29 15:09:33.598,52.8118,82557.525608,243,28.0,20.9303,32741.097813,500,1782745773602533,2011708438.0,2254899169.0,,,,,,1782745773598
24154163111,24154163111,0000001761f2368c0000019f13edb61e000000000000000000000000000000000000000000000000,trade,0,4.0987,1566.09,6418.933083,281477352317453,281477352317453,562947481954971,562947481954971,68827854650420,68827854650420,255185816237,255185816237,702389,687105,True,277733321,2026-06-29 15:09:33.598,48.1776,75299.951330,243,28.0,-67.8317,106382.543741,3333,1782745773602441,1834852008.0,1991271983.0,,,,,,1782745773598
24154163112,24154163112,0000001761f2368d0000019f13edb61e000000000000000000000000000000000000000000000000,trade,0,0.5355,1566.09,838.641195,281477352317454,281477352317454,562947481954971,562947481954971,124373650429768,124373650429768,255185816237,255185816237,702389,687105,True,277733321,2026-06-29 15:09:33.598,52.2763,81718.884413,243,28.0,-71.9304,112801.476824,3333,1782745773602484,1991271983.0,2011708438.0,,,,,,1782745773598
24154163279,24154163279,0000001761f23a1b0000019f13edb684000000000000000000000000000000000000000000000000,trade,0,0.001,1566.09,1.56609,281477352317464,281477352317464,562947481954966,562947481954966,26056432388237,26056432388237,0,0,702389,710765,True,277733323,2026-06-29 15:09:33.700,0.0238,37.300872,200,28.0,-78.6843,123378.816443,3333,1782745773701293,,,,,,,,1782745773700
24154163982,24154163982,55c40ec5875c0750ca4faa4e594fa1df55bae7b1c0f9fe401e096fc4dded9377280086a2b1811aec,trade,0,0.044,1565.88,68.89872,281477352317501,281477352317501,562947481954944,562947481954944,178274577375518,178274577375518,642696229,642696229,229548,281474976639642,False,277733329,2026-06-29 15:09:34.091,107.5114,169159.325569,500,28.0,-58.6958,92030.035564,200,1782745774095193,,,,,,,,1782745774091
24154165052,24154165052,2673c8ccc52f648ab0975c068327ceea6fd579ab8bb1f54d3a66ea09a85e3304370f5901807618f5,trade,0,0.0075,1565.74,11.74305,281477352317591,281477352317591,562947481955013,562947481955013,517472895,517472895,214611049202405,214611049202405,726894,699714,False,277733339,2026-06-29 15:09:34.814,-1.2075,1903.777973,500,34.0,-85.4711,133836.929552,200,1782745774826325,,,,,,,,1782745774814
24154165247,24154165247,32eadf95715ffd94dc7283bb8cae98dc3f47dd53c5909b925581e18b4a5a81279255808d91dcbef0,trade,0,0.044,1565.74,68.89256,281477352317618,281477352317618,562947481955013,562947481955013,178274577455631,178274577455631,214611049202405,214611049202405,229548,699714,False,277733341,2026-06-29 15:09:34.867,107.4674,169090.095605,500,34.0,-85.4636,133825.185500,200,1782745774869280,,,,,,,,1782745774867
24154165525,24154165525,0000001761f25dc40000019f13edbb5b000000000000000000000000000000000000000000000000,trade,0,4.4968,1565.94,7041.718992,281477352317596,281477352317596,562947481954824,562947481954824,128791618014472,128791618014472,255185816237,255185816237,726722,721141,True,277733343,2026-06-29 15:09:34.939,5.2215,8170.148187,200,28.0,14.5596,22775.463692,500,1782745774949012,,,,,,,,1782745774939
24154165524,24154165524,7050fb6a0bf74d3e9d8a9273b92d5fa1489f7c2ddffd8e95db10a66f9ea723b359cffcc82c8e1edf,trade,0,0.1963,1565.81,307.368503,281477352317627,281477352317627,562947481954824,562947481954824,129381202285648,129381202285648,255185816237,255185816237,66984,721141,True,277733343,2026-06-29 15:09:34.939,5.0252,7862.779684,200,28.0,-61.4975,96479.086561,200,1782745774948956,,,,,,,,1782745774939
